strategy,n,win_rate,avg_net,median,t
all_bars + ساعات جيدة,10915,56.57,0.06,1.8,3.12
ema_cross,3872,51.29,-0.0212,1.8,-0.69
ema_pullback + ساعات جيدة,4625,53.32,-0.0456,1.8,-1.55
momentum_rsi + ساعات جيدة,6927,53.08,-0.0483,1.8,-2.02
momentum_all,13135,51.87,-0.0543,1.8,-3.19
pullback_plus_momentum + ساعات جيدة,3256,51.9,-0.0544,1.8,-1.59
ema_cross + ساعات جيدة,974,49.69,-0.0655,-1.084,-1.08
ema_pullback,16905,52.71,-0.0732,1.8,-4.75
momentum_rsi,23909,52.42,-0.0809,1.8,-6.25
pullback_plus_momentum,10804,51.29,-0.0876,1.8,-4.63
all_bars,39256,52.62,-0.0982,1.8,-9.62
momentum_any + ساعات جيدة,8376,51.99,-0.0996,1.8,-4.55
momentum_all + ساعات جيدة,3746,50.27,-0.1153,1.8,-3.61
momentum_any,29106,51.17,-0.137,1.8,-11.63
ema_stack,20287,51.27,-0.1501,1.8,-10.53
mom_plus_stack,18567,50.81,-0.1603,1.8,-10.8
momentum_macd,22246,49.97,-0.1603,-0.0382,-12.03
momentum_macd + ساعات جيدة,6295,49.63,-0.165,-1.4,-6.61
mom_plus_trend,22816,50.84,-0.1656,1.8,-12.34
mom_plus_stack + ساعات جيدة,5263,50.33,-0.174,1.8,-6.26
ema_stack + ساعات جيدة,5695,50.36,-0.178,1.8,-6.64
mom_plus_trend + ساعات جيدة,6347,50.21,-0.1869,1.8,-7.35
