hour_local,n,win_rate,avg_net,median,t,vs_all
0,3301,62.89,0.3266,1.8,9.65,0.4406
1,2455,54.18,-0.0099,1.8,-0.24,0.1041
2,2758,57.47,0.099,1.8,2.6,0.213
3,2782,47.95,-0.2835,-1.4,-7.35,-0.1695
4,2910,51.75,-0.1022,1.8,-2.76,0.0118
5,2358,57.0,0.1128,1.8,2.78,0.2268
6,3715,55.42,0.017,1.8,0.51,0.131
7,3566,52.44,-0.0687,1.8,-2.06,0.0453
8,4226,49.2,-0.1917,-1.4,-6.25,-0.0777
9,2838,46.41,-0.3075,-1.4,-8.21,-0.1935
10,2612,48.32,-0.2491,-1.4,-6.32,-0.1351
11,2738,47.3,-0.3027,-1.4,-7.81,-0.1887
12,2751,49.51,-0.2294,-1.4,-5.89,-0.1154
13,3357,48.05,-0.2391,-1.4,-6.95,-0.1251
14,4021,53.27,-0.0216,1.8,-0.7,0.0924
15,3269,50.41,-0.1712,1.2959,-4.86,-0.0572
16,2975,48.27,-0.3031,-1.4,-8.04,-0.1891
17,2801,50.27,-0.2084,0.6242,-5.41,-0.0944
18,3965,54.22,-0.0404,1.8,-1.26,0.0736
19,5008,43.87,-0.3879,-1.4,-14.07,-0.2739
20,5094,50.73,-0.1415,1.8,-5.06,-0.0275
21,3618,51.82,-0.0895,1.8,-2.7,0.0245
22,3196,56.79,0.0908,1.8,2.58,0.2048
23,2328,58.38,0.1261,1.8,3.03,0.2401
