label,n,win_rate,avg_net,median,t
22:00–00:00,8820,59.52,0.1889,1.8,8.96
23:00–01:00,8080,58.97,0.167,1.8,7.56
00:00–02:00,8514,58.62,0.1559,1.8,7.25
21:00–23:00,9137,55.27,0.0294,1.8,1.41
05:00–07:00,9639,54.7,0.0087,1.8,0.43
04:00–06:00,8983,54.65,0.0035,1.8,0.17
20:00–22:00,11907,52.7,-0.0628,1.8,-3.43
01:00–03:00,7995,53.15,-0.0675,1.8,-2.99
06:00–08:00,11507,52.21,-0.0862,1.8,-4.62
02:00–04:00,8450,52.37,-0.0962,1.8,-4.38
03:00–05:00,8050,51.98,-0.1019,1.8,-4.55
13:00–15:00,10647,50.75,-0.1361,1.8,-7.04
12:00–14:00,10129,50.52,-0.1501,1.8,-7.55
14:00–16:00,10265,50.91,-0.1508,1.8,-7.59
16:00–18:00,9741,51.26,-0.1689,1.8,-8.17
07:00–09:00,10630,49.54,-0.1814,-1.4,-9.37
18:00–20:00,14067,49.26,-0.2008,-1.4,-11.95
19:00–21:00,13720,48.52,-0.2175,-1.4,-12.85
15:00–17:00,9045,49.66,-0.2261,-1.282,-10.56
17:00–19:00,11774,48.87,-0.2283,-1.4,-12.37
08:00–10:00,9676,48.14,-0.2412,-1.4,-11.85
11:00–13:00,8846,48.27,-0.2558,-1.4,-11.91
10:00–12:00,8101,48.38,-0.2605,-1.4,-11.56
09:00–11:00,8188,47.31,-0.2873,-1.4,-12.92
