system,symbols,better_share,avg_diff,t_diff
qd_rsi2_extreme,495,65.65656565656566,0.09771384235172437,8.384420053865776
qd_bb_lower_revert,494,62.75303643724697,0.09307323933736349,7.047948226116999
bot_current,307,58.63192182410424,0.0828897256242253,3.393524310494022
qd_rsi2_connors,495,65.25252525252525,0.07478523298701671,7.5290971176994
qd_d1h1_pullback,450,64.44444444444444,0.07146318593197204,4.546300512134684
qd_rsi2_d1up,473,60.04228329809725,0.06234542849729388,5.359110224781109
qd_bot_plus_d1,263,53.99239543726235,0.03398016362479864,1.3135040340071624
qd_london_breakout,370,50.0,0.003827668986237384,0.1471953159485248
base_all_bars,482,0.0,0.0,
qd_d1h1_macd,444,45.04504504504504,-0.03378105757583253,-1.8624431663455303
qd_donchian20_hours,442,45.70135746606335,-0.04715858130291266,-2.130629910426424
qd_donchian20_adx,473,42.917547568710354,-0.08258597271163128,-4.934307371267033
qd_donchian55,462,42.64069264069264,-0.09094636500675596,-4.961349456717871
qd_donchian20_exitmid,487,39.83572895277207,-0.09359545304271466,-6.475485551886397
qd_donchian20,475,40.21052631578947,-0.0966975579326323,-6.661460886387863
qd_donchian20_rvol,474,35.86497890295359,-0.1290921430521177,-7.9040964366591515
qd_d1h1_donchian_exitmid,435,34.48275862068966,-0.13725935701633685,-7.5954242456682
qd_d1h1_donchian,425,35.76470588235294,-0.13742528345514557,-7.488879447676547
