system,n,win_rate,avg_net,median,t,train_n,train_avg,train_t,test_n,test_avg,test_t,test_win
qd_d1h1_pullback,21902,53.762213496484335,-0.03573183759321666,1.8000000000000018,-2.634775684265469,10959,-0.03898689946344836,-2.0333878196691972,10943,-0.03247201642572427,-1.692526838827458,53.92488348716075
qd_rsi2_extreme,30654,57.809747504403994,-0.05492641462715928,0.1628666796875901,-7.433962528169909,15352,-0.03569732987516725,-3.5753926710129584,15302,-0.07421833131207507,-6.812150393069701,57.038295647627756
qd_rsi2_d1up,29099,58.115399154610124,-0.0655287683113898,0.20444893832154437,-8.01947932381916,14570,-0.0024212575527767545,-0.21340227524258965,14529,-0.12881436482546457,-10.972244405982226,55.97081698671622
qd_bb_lower_revert,23775,54.42271293375395,-0.06731577846401508,0.3915525376913422,-6.103710166625144,11890,-0.031119183993467633,-2.0880099358063515,11885,-0.10352760078246767,-6.36901061269816,53.344551956247365
qd_rsi2_connors,54463,56.862457080954044,-0.0776906980956774,0.14431874077718304,-13.964081655033453,27244,-0.07665158411497049,-10.10083638360295,27219,-0.07873076647770387,-9.673683278010783,56.79855982953084
bot_current,7281,47.63081994231562,-0.08837865404903095,-1.400000000000001,-4.1376328999100345,3641,-0.032448476879985866,-1.0769407907693407,3640,-0.14432419665136423,-4.7695120940569575,46.291208791208796
qd_bot_plus_d1,6340,47.09779179810726,-0.11669115440694039,-1.400000000000001,-5.075404081779682,3173,-0.13628040658111323,-4.198156111256826,3167,-0.09706478966155033,-2.9802540861555307,47.742342911272495
qd_london_breakout,6260,47.939297124600635,-0.1313628635960595,-1.39999999999999,-5.501087182959027,3143,-0.19196711576599937,-5.7446656614127525,3117,-0.0702530899129921,-2.0604106854505444,49.98395893487327
base_all_bars,116941,50.59388922619098,-0.17771242116812788,1.8000000000000018,-29.942906964810398,58471,-0.18499611674749455,-22.21914338960575,58470,-0.17042860101726165,-20.14454682608411,51.363092184025994
qd_d1h1_macd,12127,49.67428053104643,-0.18581338531326014,-0.6494382022471876,-10.229991939438142,6066,-0.15788899595602104,-6.186292275330012,6061,-0.21376081079437095,-8.26980978652171,49.315294505857125
qd_donchian20_hours,8487,46.9895133733946,-0.2002232697803644,-1.400000000000001,-9.610681360317514,4249,-0.16226295535609017,-5.578516798701237,4238,-0.23828211262810886,-7.988592260893017,46.72015101462954
qd_donchian20_adx,17506,47.84074031760539,-0.22184546133344996,-1.400000000000001,-14.885806434725245,8762,-0.2037491632721258,-9.782358896898153,8744,-0.23997901160944746,-11.255107166709971,48.032936870997254
qd_donchian55,13214,47.81292568487967,-0.22836794372853048,-1.400000000000001,-13.274099631763708,6617,-0.1652689118276962,-6.840984041866306,6597,-0.29165827176973413,-11.91485812846776,46.58177959678642
qd_donchian20_exitmid,23764,44.201312910284464,-0.23416408740039552,-0.7059728103634475,-19.360481104614234,11912,-0.22363313672613402,-13.319847873984372,11852,-0.24474835034604206,-14.051711404830296,44.95443806952413
qd_donchian20,22721,46.96976365476871,-0.23500899472545939,-1.400000000000001,-18.153372081216975,11371,-0.2280057661454112,-12.633920480693442,11350,-0.24202518082094204,-13.03535830922923,47.585903083700444
qd_d1h1_donchian_exitmid,14104,45.59699376063528,-0.26327280535210085,-0.7191456601356669,-16.141396347112412,7053,-0.29749881608077977,-12.963037148545228,7051,-0.2290370864938719,-9.882099469055953,46.8444192313147
qd_donchian20_rvol,19037,46.34133529442664,-0.2673584798973582,-1.400000000000001,-18.841074787338083,9519,-0.2546332806836594,-12.883744753754339,9518,-0.28008501607252095,-13.751407321101171,46.879596553897876
qd_d1h1_donchian,13673,47.56820010239157,-0.2688371922463123,-1.400000000000001,-15.695757254591044,6885,-0.29205180223814065,-12.128377524580083,6788,-0.24529084725607392,-10.067025841943465,48.320565704183856
