symbol,n_train,avg_train,win_train,total_train,bars_train,n_test,avg_test,win_test,total_test,bars_test
BEAMXUSDT,4,1.8000,100.0000,7.2000,7.2500,13,-0.1054,53.8462,-1.3700,5.4615
EGLDUSDT,5,1.8000,100.0000,9.0000,4.8000,15,0.7197,73.3333,10.7956,5.3333
JTOUSDT,5,1.8000,100.0000,9.0000,5.6000,3,1.8000,100.0000,5.4000,5.0000
OPGUSDT,4,1.8000,100.0000,7.2000,6.7500,7,1.1571,85.7143,8.1000,7.7143
SKHYBUSDT,9,1.4444,88.8889,13.0000,6.4444,9,-0.4074,33.3333,-3.6662,15.1111
GASUSDT,9,1.4374,88.8889,12.9367,7.6667,14,0.4827,64.2857,6.7576,9.0000
THEUSDT,9,1.4339,88.8889,12.9053,4.5556,10,-1.1567,30.0000,-11.5671,9.6000
MOVEUSDT,11,1.3909,90.9091,15.3000,6.5455,10,0.0613,60.0000,0.6134,7.6000
STEEMUSDT,8,1.3832,87.5000,11.0653,10.3750,9,0.1293,55.5556,1.1634,6.2222
MBLUSDT,9,1.3688,88.8889,12.3188,11.2222,10,0.1901,60.0000,1.9011,10.8000
PENDLEUSDT,10,1.3609,90.0000,13.6087,7.2000,15,-0.1043,53.3333,-1.5639,6.8000
LDOUSDT,10,1.3500,90.0000,13.5000,4.9000,10,0.6335,70.0000,6.3348,5.9000
OPUSDT,9,1.3423,88.8889,12.0804,5.4444,13,-0.2022,53.8462,-2.6281,5.4615
ANIMEUSDT,7,1.2455,85.7143,8.7184,9.4286,9,0.1875,55.5556,1.6877,4.5556
FLUXUSDT,8,1.2375,87.5000,9.9000,8.8750,13,0.0985,61.5385,1.2807,5.4615
SXTUSDT,13,1.1989,84.6154,15.5861,7.4615,9,-0.3055,44.4444,-2.7497,9.3333
TRUMPUSDT,7,1.1923,85.7143,8.3458,4.2857,9,0.0361,55.5556,0.3247,5.8889
OGUSDT,5,1.1600,80.0000,5.8000,7.6000,7,-0.0474,42.8571,-0.3319,11.0000
WALUSDT,6,1.1515,83.3333,6.9091,4.6667,12,0.3591,66.6667,4.3087,3.0000
0GUSDT,6,1.1487,83.3333,6.8924,5.1667,6,1.0500,83.3333,6.3000,7.0000
IDUSDT,11,1.1471,81.8182,12.6186,8.2727,10,0.6433,70.0000,6.4331,7.2000
CYBERUSDT,5,1.1342,80.0000,5.6712,9.2000,7,-0.0466,57.1429,-0.3260,9.0000
GPSUSDT,12,1.1338,83.3333,13.6059,6.2500,5,-0.9000,40.0000,-4.5000,3.4000
QNTUSDT,5,1.0963,80.0000,5.4814,14.6000,8,-0.7425,37.5000,-5.9404,5.2500
ZKUSDT,5,1.0811,80.0000,5.4053,5.4000,13,-0.3999,46.1538,-5.1985,4.6154
DYDXUSDT,6,1.0779,83.3333,6.4674,5.5000,16,0.8193,75.0000,13.1092,6.7500
SOLVUSDT,6,1.0500,83.3333,6.3000,2.1667,17,-0.1908,52.9412,-3.2430,4.9412
PORTALUSDT,11,1.0378,81.8182,11.4161,5.2727,11,-0.5205,45.4545,-5.7253,8.1818
UMAUSDT,4,0.9959,75.0000,3.9836,5.2500,9,0.2298,55.5556,2.0683,10.0000
LISTAUSDT,11,0.9942,81.8182,10.9364,6.9091,8,-0.5017,37.5000,-4.0132,7.2500
ONTUSDT,8,0.9793,75.0000,7.8341,9.0000,9,0.2724,55.5556,2.4519,7.5556
EDUUSDT,20,0.9574,80.0000,19.1484,6.3000,13,-0.3102,46.1538,-4.0331,5.6154
QUICKUSDT,18,0.9566,77.7778,17.2192,8.8333,9,0.0643,55.5556,0.5783,5.3333
MUBARAKUSDT,16,0.9563,81.2500,15.3000,2.0625,11,-0.2350,54.5455,-2.5852,4.0909
USUALUSDT,10,0.9441,80.0000,9.4411,2.0000,7,-0.5766,42.8571,-4.0364,4.0000
EULUSDT,10,0.9435,80.0000,9.4355,3.7000,4,0.8429,75.0000,3.3716,9.2500
QIUSDT,13,0.9078,76.9231,11.8010,7.6923,10,-0.8309,40.0000,-8.3088,3.8000
REZUSDT,16,0.9056,75.0000,14.4896,7.0000,8,0.1364,62.5000,1.0915,3.7500
NEARUSDT,5,0.9000,80.0000,4.5000,5.8000,16,-0.1618,56.2500,-2.5889,3.5000
NOMUSDT,9,0.8816,77.7778,7.9346,6.4444,8,-0.3740,50.0000,-2.9921,4.2500
MEGAUSDT,4,0.8765,75.0000,3.5060,8.7500,6,1.0974,83.3333,6.5847,5.6667
COMPUSDT,7,0.8649,71.4286,6.0541,6.2857,10,0.2220,60.0000,2.2204,12.1000
ATOMUSDT,12,0.8474,75.0000,10.1686,11.0833,16,0.1248,56.2500,1.9961,7.3125
ENSUSDT,14,0.8357,78.5714,11.7000,5.7857,12,-0.4055,41.6667,-4.8663,8.0000
AUDIOUSDT,7,0.8325,71.4286,5.8272,19.0000,8,1.2375,87.5000,9.9000,9.7500
GLMUSDT,4,0.8322,75.0000,3.3288,16.0000,15,0.4381,60.0000,6.5711,9.2667
QTUMUSDT,11,0.8260,72.7273,9.0858,16.0909,10,0.3775,60.0000,3.7748,6.9000
KAIAUSDT,8,0.8074,75.0000,6.4591,2.7500,10,0.6514,70.0000,6.5136,6.6000
DCRUSDT,11,0.8026,72.7273,8.8283,8.8182,13,-0.0021,53.8462,-0.0268,14.9231
MINAUSDT,9,0.8000,77.7778,7.2000,5.0000,11,0.5727,72.7273,6.3000,4.1818
AMPUSDT,8,0.7940,75.0000,6.3517,10.0000,13,0.5785,69.2308,7.5200,11.0769
FORMUSDT,13,0.7859,76.9231,10.2165,8.0769,14,-0.1743,50.0000,-2.4408,6.5714
ENSOUSDT,12,0.7770,75.0000,9.3234,4.0833,11,-0.1078,45.4545,-1.1861,7.7273
SPELLUSDT,7,0.7615,71.4286,5.3306,14.5714,9,-1.0133,22.2222,-9.1197,8.3333
SHELLUSDT,11,0.7549,72.7273,8.3040,8.8182,9,0.0411,55.5556,0.3700,6.5556
BMNRBUSDT,7,0.7453,71.4286,5.2171,5.1429,4,-1.5811,0.0000,-6.3242,9.0000
WIFUSDT,8,0.7397,75.0000,5.9176,5.3750,11,-0.0281,54.5455,-0.3095,3.6364
INTWBUSDT,3,0.7333,66.6667,2.2000,4.6667,5,-0.5677,40.0000,-2.8385,5.4000
STOUSDT,6,0.7264,66.6667,4.3585,11.6667,8,0.9715,75.0000,7.7722,5.2500
ALICEUSDT,18,0.7200,72.2222,12.9605,6.8889,6,1.2667,83.3333,7.6000,3.8333
DRAMBUSDT,6,0.7032,66.6667,4.2193,17.1667,8,-0.2164,37.5000,-1.7314,14.6250
1000SATSUSDT,11,0.7026,72.7273,7.7287,6.7273,7,0.0571,57.1429,0.4000,7.5714
APTUSDT,7,0.6890,71.4286,4.8232,7.1429,12,0.0020,58.3333,0.0244,8.6667
SFPUSDT,13,0.6804,69.2308,8.8458,11.0769,10,0.0796,50.0000,0.7962,9.2000
BATUSDT,4,0.6750,75.0000,2.7000,6.5000,12,1.1461,83.3333,13.7534,5.7500
TIAUSDT,4,0.6750,75.0000,2.7000,8.5000,6,1.8000,100.0000,10.8000,4.8333
POLUSDT,10,0.6637,70.0000,6.6368,9.0000,9,1.0680,77.7778,9.6116,8.8889
STRAXUSDT,6,0.6575,66.6667,3.9453,13.3333,12,0.2749,58.3333,3.2989,10.7500
CAKEUSDT,15,0.6457,66.6667,9.6848,12.9333,7,-1.2778,14.2857,-8.9445,7.7143
ESPUSDT,15,0.6266,73.3333,9.3993,3.8667,4,-1.4741,25.0000,-5.8963,2.5000
ROSEUSDT,10,0.6211,70.0000,6.2112,8.1000,11,-0.0555,54.5455,-0.6109,4.1818
MEUSDT,10,0.6065,70.0000,6.0649,10.3000,15,-0.2477,46.6667,-3.7157,6.6667
AIUSDT,9,0.5911,66.6667,5.3203,12.1111,8,0.7382,75.0000,5.9055,9.2500
AVNTUSDT,11,0.5904,72.7273,6.4948,5.5455,10,0.2120,60.0000,2.1196,9.7000
ARKMUSDT,11,0.5727,72.7273,6.3000,6.2727,6,1.1857,83.3333,7.1144,7.3333
GMXUSDT,9,0.5663,66.6667,5.0965,15.5556,8,0.8683,75.0000,6.9461,7.5000
DOLOUSDT,13,0.5620,69.2308,7.3062,6.9231,11,1.1906,81.8182,13.0970,7.8182
TOWNSUSDT,10,0.5453,70.0000,5.4532,4.1000,2,1.8000,100.0000,3.6000,9.5000
SIGNUSDT,7,0.5434,71.4286,3.8035,3.7143,15,0.4186,66.6667,6.2786,5.2667
SOXLBUSDT,3,0.5420,66.6667,1.6260,12.6667,8,0.7191,75.0000,5.7528,10.8750
SANTOSUSDT,8,0.5265,62.5000,4.2117,15.3750,6,0.6088,66.6667,3.6530,23.1667
BROCCOLI714USDT,14,0.5172,71.4286,7.2413,2.8571,9,-0.6145,44.4444,-5.5306,4.2222
KORUBUSDT,6,0.5167,66.6667,3.1000,2.0000,4,0.6750,75.0000,2.7000,9.7500
ZROUSDT,16,0.4998,68.7500,7.9964,5.9375,11,0.1636,63.6364,1.8000,4.7273
C98USDT,11,0.4731,63.6364,5.2043,5.8182,11,-0.0643,54.5455,-0.7074,7.0909
VTHOUSDT,5,0.4720,60.0000,2.3600,4.2000,10,0.4657,70.0000,4.6574,3.3000
RADUSDT,14,0.4634,64.2857,6.4882,13.2857,10,1.0020,80.0000,10.0201,9.5000
BLURUSDT,12,0.4621,66.6667,5.5446,8.1667,10,-0.2162,50.0000,-2.1623,7.3000
SUIUSDT,9,0.4620,66.6667,4.1584,11.1111,10,0.9000,80.0000,9.0000,4.6000
KAVAUSDT,5,0.4537,60.0000,2.2684,12.6000,6,0.7333,66.6667,4.4000,26.1667
HAEDALUSDT,11,0.4504,63.6364,4.9549,10.2727,10,-0.0380,50.0000,-0.3798,4.2000
COTIUSDT,10,0.4500,70.0000,4.5000,3.1000,8,1.2375,87.5000,9.9000,2.5000
GUSDT,14,0.4482,64.2857,6.2749,8.2857,6,-1.1698,16.6667,-7.0187,12.0000
SNDKBUSDT,6,0.4386,66.6667,2.6318,10.3333,8,-0.3017,37.5000,-2.4134,17.1250
KERNELUSDT,8,0.4363,62.5000,3.4906,5.8750,5,0.4850,60.0000,2.4251,4.0000
MSFTBUSDT,7,0.4286,57.1429,3.0000,47.8571,6,0.7333,66.6667,4.4000,38.6667
AUSDT,11,0.4258,63.6364,4.6842,8.5455,8,0.8022,75.0000,6.4177,5.6250
ACHUSDT,11,0.4220,63.6364,4.6422,6.8182,9,0.8995,77.7778,8.0957,5.4444
FFUSDT,12,0.4040,58.3333,4.8481,11.0000,10,-0.1674,50.0000,-1.6738,4.1000
ZECUSDT,9,0.4034,66.6667,3.6305,7.5556,5,-0.7437,40.0000,-3.7183,7.6000
BARDUSDT,9,0.3954,66.6667,3.5588,7.7778,10,0.3652,60.0000,3.6515,6.4000
TSTUSDT,16,0.3938,68.7500,6.3000,2.6250,8,-0.4104,50.0000,-3.2834,4.5000
OSMOUSDT,17,0.3934,64.7059,6.6871,8.2353,10,-0.7605,40.0000,-7.6047,7.7000
CVCUSDT,10,0.3774,60.0000,3.7736,8.1000,13,-0.1335,53.8462,-1.7359,4.6923
NBISBUSDT,7,0.3767,57.1429,2.6368,3.7143,5,0.4860,60.0000,2.4300,15.8000
ATUSDT,11,0.3667,63.6364,4.0342,4.9091,10,0.2721,60.0000,2.7212,8.5000
KNCUSDT,5,0.3611,60.0000,1.8053,14.0000,13,0.1335,53.8462,1.7349,5.6154
STRKUSDT,6,0.3583,66.6667,2.1496,5.1667,16,-0.6369,43.7500,-10.1898,3.5625
SOMIUSDT,9,0.3556,66.6667,3.2007,6.1111,8,0.2962,62.5000,2.3694,5.0000
GRTUSDT,8,0.3527,62.5000,2.8219,6.1250,7,1.8000,100.0000,12.6000,4.4286
YFIUSDT,5,0.3477,60.0000,1.7386,7.4000,12,0.4293,58.3333,5.1511,9.0000
DIAUSDT,14,0.3462,64.2857,4.8466,8.0714,7,0.7627,71.4286,5.3392,13.7143
SSVUSDT,15,0.3451,60.0000,5.1769,9.6000,15,0.2385,60.0000,3.5781,8.2667
BANANAUSDT,13,0.3361,61.5385,4.3692,7.1538,10,0.1146,50.0000,1.1458,7.2000
SPCXBUSDT,7,0.3344,57.1429,2.3411,24.1429,5,0.5200,60.0000,2.6000,37.6000
BIGTIMEUSDT,11,0.3199,63.6364,3.5186,4.2727,9,-0.1583,55.5556,-1.4250,6.8889
COOKIEUSDT,20,0.3103,65.0000,6.2066,6.0000,6,-0.1619,50.0000,-0.9711,8.1667
LITEBUSDT,8,0.3027,62.5000,2.4219,7.5000,4,0.0359,50.0000,0.1437,14.2500
AXTIBUSDT,3,0.3000,66.6667,0.9000,5.6667,8,1.3377,87.5000,10.7019,8.5000
WAXPUSDT,10,0.2907,60.0000,2.9071,10.3000,4,-0.8849,25.0000,-3.5395,7.5000
MTLUSDT,9,0.2768,55.5556,2.4916,11.2222,9,-0.3296,44.4444,-2.9668,5.5556
RAYUSDT,8,0.2750,62.5000,2.2000,4.5000,15,0.3186,66.6667,4.7791,4.0667
DGBUSDT,16,0.2729,62.5000,4.3672,7.5625,5,0.1864,60.0000,0.9320,12.6000
PROVEUSDT,5,0.2600,60.0000,1.3000,9.4000,5,-0.2017,40.0000,-1.0087,7.4000
CELRUSDT,15,0.2564,60.0000,3.8461,7.9333,10,0.2824,60.0000,2.8237,5.7000
ZRXUSDT,11,0.2532,54.5455,2.7853,11.0909,8,0.2758,62.5000,2.2062,8.0000
FRAXUSDT,13,0.2480,53.8462,3.2239,12.1538,5,-0.2347,40.0000,-1.1735,12.0000
ARPAUSDT,15,0.2477,53.3333,3.7157,14.8000,7,-0.5051,42.8571,-3.5359,8.1429
HIVEUSDT,5,0.2378,60.0000,1.1891,9.2000,6,-0.0924,50.0000,-0.5543,9.8333
CETUSUSDT,12,0.2340,58.3333,2.8083,8.7500,9,0.3880,66.6667,3.4924,3.2222
DUSKUSDT,11,0.2315,63.6364,2.5466,5.4545,8,-0.6444,37.5000,-5.1554,7.0000
POWRUSDT,10,0.2303,60.0000,2.3026,6.9000,11,0.0112,54.5455,0.1233,5.3636
HOTUSDT,7,0.2242,57.1429,1.5691,12.2857,7,0.1528,57.1429,1.0696,10.0000
WUSDT,10,0.2185,60.0000,2.1849,5.7000,9,0.8006,77.7778,7.2053,5.4444
TRXUSDT,8,0.2000,50.0000,1.6000,75.7500,2,-0.8298,0.0000,-1.6596,93.5000
MUUBUSDT,4,0.2000,50.0000,0.8000,10.0000,6,0.3993,66.6667,2.3959,4.5000
MUBUSDT,8,0.2000,50.0000,1.6000,6.2500,8,-0.2442,37.5000,-1.9538,6.7500
ANKRUSDT,11,0.1970,54.5455,2.1670,7.3636,12,0.2823,58.3333,3.3879,6.9167
CATIUSDT,13,0.1950,61.5385,2.5345,9.0000,11,0.0422,54.5455,0.4644,8.2727
NOTUSDT,12,0.1909,58.3333,2.2905,8.3333,10,0.6536,70.0000,6.5358,8.2000
SUPERUSDT,14,0.1759,57.1429,2.4624,8.3571,8,-1.1132,25.0000,-8.9057,7.7500
ACTUSDT,13,0.1756,61.5385,2.2834,8.0000,5,0.1633,60.0000,0.8163,4.6000
FETUSDT,11,0.1707,63.6364,1.8774,6.0909,10,-0.3911,50.0000,-3.9112,4.7000
LUNAUSDT,5,0.1689,60.0000,0.8444,3.8000,6,-0.5423,33.3333,-3.2541,13.6667
HEIUSDT,22,0.1636,63.6364,3.6000,3.9545,3,-1.2000,33.3333,-3.6000,3.0000
PUMPUSDT,11,0.1636,63.6364,1.8000,3.5455,11,-0.2455,54.5455,-2.7000,4.7273
BNBUSDT,12,0.1617,50.0000,1.9401,21.0833,4,-0.6000,25.0000,-2.4000,22.7500
XAIUSDT,12,0.1571,58.3333,1.8851,7.0833,12,0.5357,66.6667,6.4280,5.5833
TREEUSDT,13,0.1539,61.5385,2.0001,4.3077,9,1.0145,77.7778,9.1301,6.2222
1000CATUSDT,15,0.1494,60.0000,2.2409,7.6667,6,-0.0790,50.0000,-0.4741,8.8333
CHIPUSDT,19,0.1421,63.1579,2.7000,2.1579,15,0.9000,80.0000,13.5000,4.3333
PEPEUSDT,15,0.1389,60.0000,2.0834,8.8667,9,0.4157,66.6667,3.7413,9.0000
ASTERUSDT,12,0.1280,58.3333,1.5365,7.5000,9,0.1937,55.5556,1.7431,11.1111
REDUSDT,16,0.1186,62.5000,1.8976,4.0625,4,-0.3475,50.0000,-1.3902,13.5000
PLTRBUSDT,8,0.1142,50.0000,0.9140,11.7500,8,0.1928,50.0000,1.5424,23.0000
ENAUSDT,10,0.1090,60.0000,1.0901,5.5000,8,0.1125,62.5000,0.9000,4.8750
IMXUSDT,9,0.1014,55.5556,0.9130,9.8889,12,0.1379,58.3333,1.6548,5.6667
PENGUUSDT,16,0.0992,56.2500,1.5878,7.8750,7,-1.3577,28.5714,-9.5041,4.4286
WINUSDT,12,0.0939,50.0000,1.1268,12.8333,13,0.6517,69.2308,8.4718,6.8462
SUSHIUSDT,18,0.0933,61.1111,1.6787,4.6111,11,-0.2802,45.4545,-3.0825,3.0909
REQUSDT,6,0.0796,50.0000,0.4774,16.8333,15,0.1505,60.0000,2.2575,9.2667
FLOWUSDT,11,0.0685,54.5455,0.7533,9.9091,6,-0.2207,50.0000,-1.3244,4.6667
PIXELUSDT,16,0.0680,56.2500,1.0876,5.8125,9,0.5250,66.6667,4.7253,5.0000
WLDUSDT,12,0.0676,58.3333,0.8112,3.8333,11,-0.0725,54.5455,-0.7979,5.3636
BANDUSDT,12,0.0656,58.3333,0.7870,10.6667,11,0.3257,63.6364,3.5826,10.2727
1000CHEEMSUSDT,14,0.0604,50.0000,0.8449,10.2857,10,-0.3317,40.0000,-3.3172,13.0000
HYPERUSDT,10,0.0531,50.0000,0.5305,9.5000,12,0.2428,58.3333,2.9141,8.3333
BIOUSDT,9,0.0471,55.5556,0.4242,5.3333,8,-0.2638,50.0000,-2.1105,5.3750
TFUELUSDT,6,0.0269,50.0000,0.1614,7.8333,11,-0.5036,45.4545,-5.5391,7.4545
XPLUSDT,10,0.0266,60.0000,0.2660,3.7000,12,0.3495,66.6667,4.1942,5.0833
AGLDUSDT,18,0.0262,50.0000,0.4714,11.4444,4,-0.9528,25.0000,-3.8111,8.2500
TQQQBUSDT,9,0.0222,44.4444,0.2000,30.5556,7,-0.0286,42.8571,-0.2000,16.7143
GTCUSDT,8,0.0221,50.0000,0.1771,7.3750,9,0.4821,66.6667,4.3390,4.3333
LUMIAUSDT,13,0.0170,53.8462,0.2206,8.2308,5,0.9982,80.0000,4.9911,3.4000
ETHFIUSDT,15,0.0051,60.0000,0.0762,4.4667,10,-0.4028,50.0000,-4.0279,3.7000
SYRUPUSDT,9,0.0039,55.5556,0.0349,8.1111,10,-0.3229,50.0000,-3.2286,8.1000
MVLLBUSDT,5,0.0000,60.0000,0.0000,8.4000,5,0.0028,60.0000,0.0140,10.6000
PYTHUSDT,10,0.0000,60.0000,0.0000,3.5000,10,0.5455,70.0000,5.4545,6.3000
IOTXUSDT,13,-0.0017,53.8462,-0.0223,9.3077,9,0.8613,77.7778,7.7520,4.5556
ARMBUSDT,4,-0.0057,50.0000,-0.0226,28.0000,6,1.1843,83.3333,7.1057,10.5000
MORPHOUSDT,9,-0.0057,55.5556,-0.0516,8.7778,9,-0.0692,55.5556,-0.6224,8.5556
SHIBUSDT,8,-0.0081,50.0000,-0.0649,11.5000,8,0.4938,62.5000,3.9506,6.1250
ICPUSDT,12,-0.0083,50.0000,-0.1000,8.9167,17,0.2678,64.7059,4.5521,7.7647
ORDIUSDT,7,-0.0116,57.1429,-0.0812,9.1429,9,-0.3879,44.4444,-3.4913,8.7778
AIXBTUSDT,9,-0.0181,55.5556,-0.1627,5.1111,12,-0.1056,50.0000,-1.2676,6.5000
QKCUSDT,10,-0.0215,50.0000,-0.2149,23.6000,7,-0.0170,57.1429,-0.1191,6.5714
NOKBUSDT,9,-0.0347,44.4444,-0.3126,11.2222,6,-0.9248,16.6667,-5.5488,28.3333
AEROUSDT,9,-0.0368,55.5556,-0.3314,6.1111,10,0.1449,60.0000,1.4488,9.6000
XECUSDT,9,-0.0425,44.4444,-0.3828,12.6667,11,-0.1343,45.4545,-1.4771,6.9091
PHAUSDT,11,-0.0444,54.5455,-0.4881,10.2727,7,-1.4143,28.5714,-9.9000,3.2857
CRCLBUSDT,13,-0.0493,46.1538,-0.6411,7.2308,6,-0.2429,50.0000,-1.4572,19.6667
LSKUSDT,12,-0.0591,50.0000,-0.7096,5.2500,7,-0.7714,42.8571,-5.4000,3.1429
ARKUSDT,10,-0.0628,50.0000,-0.6279,8.5000,6,-1.8552,16.6667,-11.1313,2.8333
IQUSDT,6,-0.0638,50.0000,-0.3831,8.5000,13,0.5108,69.2308,6.6398,9.7692
LINEAUSDT,8,-0.0639,50.0000,-0.5114,6.5000,12,0.4467,66.6667,5.3600,7.7500
ENJUSDT,4,-0.0691,50.0000,-0.2762,8.2500,8,-0.2129,50.0000,-1.7033,3.7500
JASMYUSDT,7,-0.0720,57.1429,-0.5037,3.1429,7,0.6774,71.4286,4.7416,3.8571
PLUMEUSDT,12,-0.0750,58.3333,-0.9000,6.0000,5,0.1396,60.0000,0.6979,5.8000
BELUSDT,15,-0.0882,53.3333,-1.3228,5.8667,8,0.5780,62.5000,4.6237,6.3750
ILVUSDT,10,-0.0889,50.0000,-0.8889,10.0000,12,0.0933,58.3333,1.1193,6.8333
GLWBUSDT,4,-0.0899,50.0000,-0.3594,12.5000,5,-0.2796,40.0000,-1.3979,15.0000
EWYBUSDT,7,-0.0918,42.8571,-0.6424,20.1429,7,-0.0286,42.8571,-0.2000,20.4286
COWUSDT,6,-0.0921,50.0000,-0.5523,6.8333,7,0.2771,57.1429,1.9400,3.2857
CVXUSDT,13,-0.1027,53.8462,-1.3346,4.3077,12,-0.9793,33.3333,-11.7511,8.3333
GMTUSDT,8,-0.1136,50.0000,-0.9091,14.7500,18,0.0288,55.5556,0.5176,6.7778
ARBUSDT,11,-0.1158,54.5455,-1.2734,5.0000,15,0.6347,73.3333,9.5204,4.0667
XAUTUSDT,10,-0.1200,40.0000,-1.2000,35.4000,2,-1.4000,0.0000,-2.8000,43.0000
COINBUSDT,5,-0.1200,40.0000,-0.6000,22.0000,6,0.1163,50.0000,0.6976,24.0000
QQQBUSDT,5,-0.1200,40.0000,-0.6000,106.2000,5,0.2899,60.0000,1.4493,45.4000
LQTYUSDT,16,-0.1212,50.0000,-1.9385,9.4375,5,-1.2914,20.0000,-6.4572,5.8000
HBARUSDT,16,-0.1279,43.7500,-2.0470,6.2500,10,0.1942,60.0000,1.9422,10.1000
DASHUSDT,7,-0.1286,57.1429,-0.9000,2.2857,10,0.4968,70.0000,4.9676,6.4000
LAUSDT,7,-0.1286,57.1429,-0.9000,2.5714,12,0.0367,58.3333,0.4406,6.5000
THETAUSDT,10,-0.1287,50.0000,-1.2865,8.4000,11,-0.1626,54.5455,-1.7888,7.4545
UNIUSDT,13,-0.1349,53.8462,-1.7537,4.3077,10,1.3500,90.0000,13.5000,6.6000
BOMEUSDT,16,-0.1388,56.2500,-2.2206,4.3125,14,-0.0331,57.1429,-0.4633,8.5000
TURBOUSDT,11,-0.1461,54.5455,-1.6066,9.1818,13,-0.5544,38.4615,-7.2078,5.6923
PORTOUSDT,9,-0.1467,44.4444,-1.3207,11.1111,12,0.6409,66.6667,7.6908,16.0000
BABYUSDT,8,-0.1485,50.0000,-1.1881,7.5000,5,1.0920,80.0000,5.4598,3.8000
MIRAUSDT,6,-0.1512,50.0000,-0.9070,6.3333,9,1.4237,88.8889,12.8130,7.6667
YBUSDT,12,-0.1657,50.0000,-1.9883,4.7500,10,0.2587,60.0000,2.5871,4.2000
WBETHUSDT,10,-0.1678,40.0000,-1.6782,20.4000,10,0.1254,50.0000,1.2544,20.2000
ALGOUSDT,7,-0.1704,42.8571,-1.1929,6.8571,10,0.5164,70.0000,5.1644,7.3000
AUCTIONUSDT,8,-0.1761,50.0000,-1.4091,11.2500,7,0.8484,71.4286,5.9387,6.0000
ACMUSDT,11,-0.1796,45.4545,-1.9761,22.3636,9,0.9260,77.7778,8.3343,15.5556
XVGUSDT,11,-0.1815,45.4545,-1.9969,6.0909,11,-0.7004,36.3636,-7.7041,4.4545
KITEUSDT,11,-0.1974,54.5455,-2.1719,6.1818,8,-1.2411,25.0000,-9.9286,6.6250
RESOLVUSDT,4,-0.1979,50.0000,-0.7915,11.0000,8,0.2219,62.5000,1.7752,6.3750
JUPUSDT,9,-0.2000,55.5556,-1.8000,4.0000,10,-0.3447,50.0000,-3.4472,6.0000
ZENUSDT,10,-0.2071,50.0000,-2.0715,7.8000,9,-0.1617,55.5556,-1.4553,6.0000
TNSRUSDT,17,-0.2072,47.0588,-3.5227,10.5882,14,-0.3115,42.8571,-4.3615,7.7857
VETUSDT,8,-0.2144,50.0000,-1.7153,4.2500,8,0.7020,75.0000,5.6163,5.7500
XNOUSDT,12,-0.2221,50.0000,-2.6652,10.8333,2,-0.4500,50.0000,-0.9000,10.0000
BERAUSDT,6,-0.2228,50.0000,-1.3369,9.8333,6,0.3000,66.6667,1.8000,4.0000
ONGUSDT,11,-0.2259,54.5455,-2.4848,4.4545,6,0.4842,66.6667,2.9052,15.0000
SAHARAUSDT,4,-0.2345,50.0000,-0.9380,8.0000,8,-0.7189,37.5000,-5.7512,7.6250
INJUSDT,6,-0.2348,50.0000,-1.4087,3.8333,9,0.3058,66.6667,2.7524,4.1111
AXSUSDT,12,-0.2456,41.6667,-2.9472,8.0833,9,0.5459,66.6667,4.9135,7.4444
TKOUSDT,14,-0.2459,42.8571,-3.4424,11.7857,9,0.5376,66.6667,4.8387,11.5556
NMRUSDT,9,-0.2473,44.4444,-2.2258,17.4444,12,0.1141,58.3333,1.3689,5.5000
EDENUSDT,15,-0.2531,53.3333,-3.7963,5.5333,9,0.3933,66.6667,3.5396,4.4444
SCUSDT,6,-0.2536,50.0000,-1.5215,6.6667,10,-0.3622,50.0000,-3.6222,5.4000
RPLUSDT,5,-0.2543,40.0000,-1.2714,8.0000,6,-0.3736,33.3333,-2.2414,6.0000
ALPINEUSDT,9,-0.2562,44.4444,-2.3055,9.3333,8,1.3395,87.5000,10.7158,6.7500
CGPTUSDT,14,-0.2604,42.8571,-3.6455,8.8571,9,0.1599,55.5556,1.4394,9.1111
XRPUSDT,9,-0.2630,44.4444,-2.3666,12.4444,11,-0.3712,45.4545,-4.0828,13.3636
MRVLBUSDT,8,-0.2636,37.5000,-2.1088,8.2500,8,0.1090,50.0000,0.8718,13.1250
XLMUSDT,5,-0.2760,40.0000,-1.3800,8.8000,6,0.5519,66.6667,3.3114,6.8333
CHRUSDT,9,-0.2835,44.4444,-2.5514,7.6667,7,0.6567,71.4286,4.5972,6.1429
ZILUSDT,7,-0.2860,42.8571,-2.0018,14.8571,13,0.2823,61.5385,3.6699,5.2308
RONINUSDT,9,-0.2890,44.4444,-2.6006,7.1111,8,1.3105,87.5000,10.4839,7.6250
TRBUSDT,8,-0.2934,50.0000,-2.3471,6.1250,12,-1.2426,25.0000,-14.9109,7.8333
PROMUSDT,15,-0.3000,53.3333,-4.5000,2.2000,13,0.1352,61.5385,1.7577,4.6923
VELODROMEUSDT,8,-0.3119,50.0000,-2.4950,7.2500,8,-1.6607,12.5000,-13.2854,6.1250
SAGAUSDT,14,-0.3141,50.0000,-4.3970,4.2857,8,-0.4500,50.0000,-3.6000,4.3750
TUSDT,7,-0.3183,42.8571,-2.2281,8.1429,11,0.2749,63.6364,3.0234,5.5455
BCHUSDT,9,-0.3185,44.4444,-2.8668,14.7778,7,0.5958,71.4286,4.1708,10.4286
LAYERUSDT,8,-0.3188,50.0000,-2.5503,8.1250,7,-0.7233,28.5714,-5.0631,5.0000
ASTRUSDT,9,-0.3245,44.4444,-2.9205,7.3333,7,-0.3688,42.8571,-2.5816,6.4286
CTKUSDT,13,-0.3311,38.4615,-4.3042,7.7692,9,0.3030,55.5556,2.7270,8.1111
REUSDT,6,-0.3420,50.0000,-2.0520,7.6667,7,0.6094,71.4286,4.2660,5.2857
PUNDIXUSDT,12,-0.3441,41.6667,-4.1294,4.8333,6,0.7257,66.6667,4.3541,5.3333
SLPUSDT,10,-0.3463,40.0000,-3.4625,11.5000,8,0.9149,75.0000,7.3193,8.0000
JSTUSDT,12,-0.3466,33.3333,-4.1588,10.1667,6,-1.4888,0.0000,-8.9330,6.6667
TURTLEUSDT,8,-0.3544,37.5000,-2.8354,13.7500,10,1.1515,80.0000,11.5146,7.2000
LINKUSDT,7,-0.3555,42.8571,-2.4883,17.4286,11,-0.1711,45.4545,-1.8825,9.4545
AEVOUSDT,9,-0.3656,44.4444,-3.2903,5.1111,12,0.5736,66.6667,6.8828,6.4167
BMTUSDT,14,-0.3658,50.0000,-5.1205,6.0000,11,-0.0263,54.5455,-0.2894,4.2727
DOGEUSDT,7,-0.3663,42.8571,-2.5639,10.5714,6,-0.6717,33.3333,-4.0301,14.1667
JOEUSDT,14,-0.3686,42.8571,-5.1609,6.9286,7,-0.5870,42.8571,-4.1089,7.4286
NEXOUSDT,10,-0.3720,40.0000,-3.7200,21.0000,10,-0.0220,50.0000,-0.2204,29.5000
STXUSDT,6,-0.3827,50.0000,-2.2960,3.6667,7,1.2699,85.7143,8.8892,6.7143
RSRUSDT,5,-0.3918,40.0000,-1.9588,15.4000,10,0.5901,70.0000,5.9015,5.5000
PEOPLEUSDT,13,-0.3926,46.1538,-5.1041,5.4615,12,-0.3342,50.0000,-4.0108,5.5000
AWEUSDT,11,-0.3948,36.3636,-4.3433,10.6364,9,0.6822,66.6667,6.1402,5.7778
GENIUSUSDT,7,-0.4074,42.8571,-2.8518,7.1429,9,-0.3447,44.4444,-3.1026,5.4444
PNUTUSDT,15,-0.4179,40.0000,-6.2678,9.3333,11,-0.3339,45.4545,-3.6733,7.0000
WLFIUSDT,5,-0.4241,40.0000,-2.1207,7.0000,6,0.6909,66.6667,4.1456,10.3333
IOTAUSDT,13,-0.4244,46.1538,-5.5166,5.0769,10,0.0632,60.0000,0.6317,6.1000
WCTUSDT,7,-0.4320,42.8571,-3.0242,9.8571,8,0.5073,62.5000,4.0581,4.8750
1MBABYDOGEUSDT,16,-0.4386,37.5000,-7.0177,13.0625,9,-0.4943,33.3333,-4.4487,12.6667
1INCHUSDT,9,-0.4399,33.3333,-3.9591,17.6667,11,0.2279,54.5455,2.5065,9.8182
MAVUSDT,13,-0.4407,46.1538,-5.7294,6.8462,4,0.8674,75.0000,3.4695,6.7500
RUNEUSDT,13,-0.4431,38.4615,-5.7597,10.8462,10,0.6263,70.0000,6.2627,9.0000
APEUSDT,7,-0.4442,42.8571,-3.1092,6.2857,9,0.5173,66.6667,4.6559,5.3333
HMSTRUSDT,7,-0.4498,42.8571,-3.1487,8.2857,5,-0.3676,40.0000,-1.8380,6.4000
SEIUSDT,10,-0.4524,40.0000,-4.5239,6.7000,10,-0.6532,40.0000,-6.5317,6.8000
METISUSDT,7,-0.4731,42.8571,-3.3120,5.2857,9,0.8000,77.7778,7.2000,5.1111
CKBUSDT,7,-0.4791,42.8571,-3.3534,5.1429,7,0.1166,57.1429,0.8163,5.2857
TSMBUSDT,7,-0.4857,28.5714,-3.4000,30.5714,6,0.7333,66.6667,4.4000,32.8333
SKLUSDT,5,-0.4942,40.0000,-2.4710,12.8000,9,0.5312,66.6667,4.7804,5.7778
DOGSUSDT,11,-0.4985,45.4545,-5.4839,7.3636,14,0.1824,57.1429,2.5543,8.0714
LAZIOUSDT,8,-0.5003,37.5000,-4.0024,17.6250,9,0.1591,55.5556,1.4318,8.0000
GNOUSDT,8,-0.5007,37.5000,-4.0058,24.2500,12,0.3808,58.3333,4.5694,15.5833
USTCUSDT,7,-0.5044,42.8571,-3.5306,5.7143,10,-0.1181,50.0000,-1.1813,7.4000
RLCUSDT,9,-0.5049,33.3333,-4.5443,9.3333,6,0.6561,66.6667,3.9368,6.1667
ADAUSDT,11,-0.5094,36.3636,-5.6036,9.0000,9,-0.3352,44.4444,-3.0167,9.8889
XTZUSDT,5,-0.5309,40.0000,-2.6547,7.6000,12,0.1299,58.3333,1.5584,8.5000
CELOUSDT,8,-0.5341,37.5000,-4.2731,9.1250,9,-0.0703,55.5556,-0.6331,4.6667
CTSIUSDT,14,-0.5598,35.7143,-7.8374,10.2143,7,0.7498,71.4286,5.2483,8.4286
RENDERUSDT,7,-0.5634,42.8571,-3.9441,5.1429,12,0.7632,75.0000,9.1582,7.5000
FTTUSDT,9,-0.5659,44.4444,-5.0930,16.4444,11,1.0646,81.8182,11.7108,8.4545
SUSDT,11,-0.5684,45.4545,-6.2527,5.5455,9,-0.1029,55.5556,-0.9257,6.7778
HOODBUSDT,4,-0.6000,25.0000,-2.4000,9.2500,4,-0.6272,25.0000,-2.5089,27.7500
QCOMBUSDT,4,-0.6000,25.0000,-2.4000,35.7500,6,0.2000,50.0000,1.2000,8.3333
ORCAUSDT,5,-0.6364,40.0000,-3.1822,2.6000,10,0.9935,80.0000,9.9348,5.1000
RKLBBUSDT,6,-0.6460,33.3333,-3.8759,8.3333,3,-0.5811,33.3333,-1.7434,14.3333
MANAUSDT,6,-0.6476,33.3333,-3.8857,14.8333,10,0.2115,60.0000,2.1148,5.7000
ETHUSDT,8,-0.6477,25.0000,-5.1816,24.3750,11,0.2687,54.5455,2.9557,17.0909
NEIROUSDT,17,-0.6519,35.2941,-11.0823,8.6471,8,-0.2812,50.0000,-2.2495,5.6250
CUSDT,6,-0.6520,33.3333,-3.9122,9.6667,5,1.0256,80.0000,5.1278,4.4000
OGNUSDT,12,-0.6582,33.3333,-7.8985,11.0833,8,-0.1250,50.0000,-1.0000,9.7500
LTCUSDT,9,-0.6737,33.3333,-6.0635,11.2222,10,0.6880,70.0000,6.8800,10.8000
FUSDT,8,-0.6797,37.5000,-5.4377,6.3750,8,-0.1755,50.0000,-1.4040,8.1250
METUSDT,16,-0.6803,37.5000,-10.8850,7.5000,8,-0.4500,50.0000,-3.6000,2.0000
HOLOUSDT,3,-0.6813,33.3333,-2.0438,8.6667,6,0.5892,66.6667,3.5352,8.8333
FLOKIUSDT,9,-0.6836,33.3333,-6.1520,9.4444,14,0.1617,57.1429,2.2632,8.5000
ZKCUSDT,3,-0.6873,33.3333,-2.0620,8.0000,4,-0.9155,25.0000,-3.6620,4.2500
IBMBUSDT,9,-0.6889,22.2222,-6.2000,38.4444,2,-1.4000,0.0000,-2.8000,11.5000
AVAXUSDT,8,-0.6959,25.0000,-5.5673,11.1250,10,-0.6130,40.0000,-6.1297,7.2000
SPKUSDT,9,-0.7000,44.4444,-6.3000,7.5556,11,-0.2356,45.4545,-2.5919,5.4545
AVAUSDT,9,-0.7026,33.3333,-6.3238,8.0000,7,-0.6249,42.8571,-4.3744,6.1429
BNSOLUSDT,10,-0.7036,30.0000,-7.0359,14.4000,7,0.4286,57.1429,3.0000,9.1429
DOTUSDT,6,-0.7045,33.3333,-4.2268,15.5000,9,0.9226,77.7778,8.3035,5.7778
CRVUSDT,15,-0.7098,40.0000,-10.6465,5.3333,10,0.1256,60.0000,1.2563,3.4000
BARUSDT,7,-0.7140,28.5714,-4.9983,30.1429,7,0.8214,71.4286,5.7501,20.2857
API3USDT,8,-0.7146,37.5000,-5.7166,10.0000,11,0.4643,63.6364,5.1070,5.0000
MSTRBUSDT,7,-0.7203,28.5714,-5.0419,7.2857,7,-0.4000,42.8571,-2.8002,14.8571
ADXUSDT,12,-0.7424,25.0000,-8.9085,7.5833,2,1.8000,100.0000,3.6000,4.5000
ARUSDT,9,-0.7433,33.3333,-6.6898,7.5556,14,0.2263,64.2857,3.1677,5.2143
GIGGLEUSDT,19,-0.7464,42.1053,-14.1814,4.8421,12,-0.1579,50.0000,-1.8947,7.5833
MASKUSDT,8,-0.7495,37.5000,-5.9963,7.6250,10,0.3723,60.0000,3.7230,6.2000
VIRTUALUSDT,5,-0.7511,40.0000,-3.7557,5.0000,10,0.1138,60.0000,1.1385,6.5000
SMHBUSDT,5,-0.7600,20.0000,-3.8000,22.0000,7,-0.0286,42.8571,-0.2000,29.7143
AAPLBUSDT,5,-0.7600,20.0000,-3.8000,41.0000,3,0.3977,66.6667,1.1932,75.3333
KSMUSDT,10,-0.7742,30.0000,-7.7419,6.1000,12,0.4572,66.6667,5.4867,5.7500
BONKUSDT,5,-0.7787,40.0000,-3.8936,8.4000,6,1.0500,83.3333,6.3000,5.3333
TSLABUSDT,5,-0.7834,20.0000,-3.9171,5.8000,10,-0.1200,40.0000,-1.2000,16.2000
SCRUSDT,12,-0.7866,41.6667,-9.4387,5.6667,10,-0.8503,40.0000,-8.5026,3.7000
CBRSBUSDT,5,-0.7896,40.0000,-3.9481,16.4000,3,-1.4304,0.0000,-4.2911,3.3333
CHZUSDT,6,-0.7987,33.3333,-4.7923,7.8333,12,0.5244,66.6667,6.2926,6.8333
NEOUSDT,9,-0.8475,33.3333,-7.6274,8.2222,12,0.3513,58.3333,4.2154,8.6667
BTCUSDT,6,-0.8667,16.6667,-5.2000,18.8333,9,0.0222,44.4444,0.2000,21.3333
SENTUSDT,5,-0.8769,20.0000,-4.3844,8.6000,14,0.2702,64.2857,3.7824,5.3571
MEMEUSDT,6,-0.8868,33.3333,-5.3208,10.1667,8,-0.1990,50.0000,-1.5917,9.0000
ALTUSDT,8,-0.8870,25.0000,-7.0961,6.7500,8,0.3720,62.5000,2.9756,6.7500
YGGUSDT,13,-0.8885,30.7692,-11.5505,6.5385,7,1.1817,85.7143,8.2721,8.2857
BNTUSDT,5,-0.8928,20.0000,-4.4642,14.6000,8,-0.4058,37.5000,-3.2460,14.3750
POLYXUSDT,3,-0.9072,33.3333,-2.7217,3.0000,11,-0.1776,45.4545,-1.9539,8.3636
NILUSDT,18,-0.9240,38.8889,-16.6325,2.5556,2,-0.4500,50.0000,-0.9000,4.5000
AXLUSDT,7,-0.9329,28.5714,-6.5306,5.5714,11,1.0985,81.8182,12.0832,5.3636
KATUSDT,4,-0.9783,25.0000,-3.9131,11.2500,9,0.0520,55.5556,0.4682,7.6667
AAVEUSDT,6,-0.9793,33.3333,-5.8759,5.1667,9,0.1693,55.5556,1.5233,17.3333
MAGICUSDT,7,-0.9835,28.5714,-6.8846,12.5714,12,0.6994,75.0000,8.3924,4.5833
SNXXBUSDT,6,-0.9847,33.3333,-5.9081,8.0000,7,0.5545,71.4286,3.8817,12.5714
NVDABUSDT,8,-1.0000,12.5000,-8.0000,17.5000,5,0.5200,60.0000,2.6000,41.4000
WBTCUSDT,8,-1.0000,12.5000,-8.0000,16.2500,7,-0.0286,42.8571,-0.2000,26.8571
LUNCUSDT,4,-1.0015,25.0000,-4.0060,18.2500,9,0.2816,55.5556,2.5346,9.4444
SNXUSDT,5,-1.0023,20.0000,-5.0116,6.4000,12,0.6704,66.6667,8.0449,6.2500
CFXUSDT,8,-1.0129,25.0000,-8.1030,9.7500,7,0.1335,57.1429,0.9345,5.0000
INITUSDT,8,-1.0258,25.0000,-8.2065,9.6250,8,-0.2198,50.0000,-1.7584,4.7500
SMCIBUSDT,5,-1.0612,20.0000,-5.3061,13.0000,5,-0.2018,40.0000,-1.0092,9.2000
DYMUSDT,11,-1.0959,18.1818,-12.0550,5.3636,7,0.0598,57.1429,0.4186,6.8571
BREVUSDT,5,-1.1028,20.0000,-5.5139,7.0000,9,0.2468,55.5556,2.2213,7.8889
KMNOUSDT,5,-1.1070,20.0000,-5.5349,17.0000,10,-0.9441,30.0000,-9.4409,13.2000
JUVUSDT,8,-1.1119,12.5000,-8.8951,18.0000,8,1.2375,87.5000,9.9000,12.6250
XVSUSDT,5,-1.1167,20.0000,-5.5836,13.8000,9,-0.4606,33.3333,-4.1456,6.8889
TWTUSDT,8,-1.1309,25.0000,-9.0474,8.6250,9,-1.8106,0.0000,-16.2952,11.3333
LPTUSDT,8,-1.1392,25.0000,-9.1135,9.6250,4,0.8630,75.0000,3.4519,7.7500
TAOUSDT,9,-1.1399,22.2222,-10.2592,10.2222,11,-0.0052,54.5455,-0.0575,6.1818
SOLUSDT,12,-1.1569,16.6667,-13.8829,15.2500,7,0.8857,71.4286,6.2000,15.4286
ASRUSDT,9,-1.1577,11.1111,-10.4196,16.2222,5,0.1310,60.0000,0.6548,12.0000
SKYUSDT,5,-1.1593,20.0000,-5.7963,9.6000,8,-0.8329,37.5000,-6.6632,8.7500
EIGENUSDT,6,-1.1706,33.3333,-7.0237,2.8333,11,-0.1330,54.5455,-1.4626,5.0000
ETCUSDT,5,-1.1777,20.0000,-5.8886,12.0000,10,0.6831,70.0000,6.8306,9.6000
OPNUSDT,4,-1.1817,25.0000,-4.7267,3.7500,2,1.8000,100.0000,3.6000,2.5000
SOPHUSDT,3,-1.2000,33.3333,-3.6000,3.3333,6,0.4060,66.6667,2.4361,5.0000
MMTUSDT,3,-1.2000,33.3333,-3.6000,3.6667,6,-0.1098,50.0000,-0.6588,7.0000
RAREUSDT,8,-1.2017,25.0000,-9.6134,13.7500,6,-0.0439,50.0000,-0.2635,6.0000
GRAMUSDT,6,-1.2486,16.6667,-7.4919,7.3333,4,0.8387,75.0000,3.3547,16.0000
ACEUSDT,16,-1.2671,31.2500,-20.2738,3.6875,7,-0.1096,57.1429,-0.7672,6.5714
GALAUSDT,7,-1.3818,28.5714,-9.6729,8.7143,12,0.3846,66.6667,4.6156,3.5000
GOOGLBUSDT,3,-1.4000,0.0000,-4.2000,48.3333,3,0.6057,66.6667,1.8170,39.3333
BTTCUSDT,7,-1.4143,28.5714,-9.9000,1.0000,16,1.2375,87.5000,19.8000,1.0000
ZAMAUSDT,10,-1.6433,20.0000,-16.4330,4.6000,11,-0.6343,45.4545,-6.9768,4.3636
ZKPUSDT,6,-1.8616,16.6667,-11.1694,3.8333,10,-0.4429,40.0000,-4.4292,5.5000
NEWTUSDT,3,-1.9294,0.0000,-5.7883,9.0000,9,0.8744,77.7778,7.8695,5.2222
HOMEUSDT,6,-1.9500,16.6667,-11.7000,1.6667,2,-0.4500,50.0000,-0.9000,2.0000
FIDAUSDT,3,-2.3860,0.0000,-7.1579,11.3333,9,0.6245,66.6667,5.6204,5.4444
IOUSDT,3,-2.4937,0.0000,-7.4810,6.3333,11,-0.1304,54.5455,-1.4342,5.0000
