الخط,الخروج,الفلتر,n,نجاح%,متوسط%,نصف1%,نصف2%
قمة الأمس (PDH),تحت الخط + وقف,ساعات مركّزة + تجاوز صغير,2259,20.938,-0.010,-0.137,0.109
قمة الأمس (PDH),تحت الخط + وقف,تجاوز صغير (<1%),17438,22.698,-0.019,-0.029,-0.010
قمة الأمس (PDH),تحت الخط + وقف,اتجاه صاعد + تجاوز صغير,10145,22.346,-0.063,0.115,-0.166
قمة الأمس (PDH),تحت الخط + وقف,بلا فلتر,22609,23.163,-0.072,-0.099,-0.046
قمة الأمس (PDH),تحت الخط + وقف,اتجاه يومي صاعد,13508,22.720,-0.096,0.022,-0.166
قمة الأمس (PDH),هدف 1.2% + وقف,ساعات مركّزة + تجاوز صغير,1820,59.725,-0.122,-0.112,-0.130
إغلاق الأمس (PDC),تحت الخط + وقف,تجاوز صغير (<1%),44612,18.524,-0.126,-0.153,-0.100
قمة الأمس (PDH),تحت الخط + وقف,الساعات المركّزة 0/5/6,2903,20.806,-0.130,-0.247,-0.013
إغلاق الأمس (PDC),تحت الخط + وقف,اتجاه صاعد + تجاوز صغير,22349,18.542,-0.138,-0.036,-0.187
إغلاق الأمس (PDC),هدف 1.2% + وقف,اتجاه صاعد + ساعات مركّزة,3128,62.276,-0.142,-0.089,-0.162
إغلاق الأمس (PDC),هدف 1.2% + وقف,اتجاه صاعد + تجاوز صغير,16309,61.095,-0.144,-0.192,-0.122
إغلاق الأمس (PDC),تحت الخط + وقف,بلا فلتر,54143,19.587,-0.150,-0.196,-0.103
إغلاق الأمس (PDC),هدف 1.2% + وقف,تجاوز صغير (<1%),31511,58.567,-0.156,-0.212,-0.099
قمة الأمس (PDH),هدف 1.2% + وقف,اتجاه صاعد + ساعات مركّزة,1568,62.181,-0.158,0.027,-0.272
قمة الأمس (PDH),هدف 1.2% + وقف,الساعات المركّزة 0/5/6,2433,60.049,-0.167,-0.115,-0.217
إغلاق الأمس (PDC),تحت الخط + وقف,حجم نسبي ≥ 1.2,16840,21.336,-0.192,-0.175,-0.210
إغلاق الأمس (PDC),تحت الخط + وقف,اتجاه يومي صاعد,28219,19.536,-0.196,-0.177,-0.206
قمة الأمس (PDH),تحت الخط + وقف,حجم نسبي ≥ 1.2,12675,22.391,-0.200,-0.179,-0.223
قمة الأمس (PDH),هدف 1.2% + وقف,تجاوز صغير (<1%),13550,57.092,-0.201,-0.215,-0.187
قمة الأمس (PDH),تحت الخط + وقف,اتجاه صاعد + ساعات مركّزة,1840,18.370,-0.201,-0.107,-0.260
إغلاق الأمس (PDC),هدف 1.2% + وقف,بلا فلتر,39716,58.573,-0.204,-0.266,-0.142
إغلاق الأمس (PDC),هدف 1.2% + وقف,ساعات مركّزة + تجاوز صغير,4521,56.403,-0.210,-0.258,-0.168
إغلاق الأمس (PDC),هدف 1.2% + وقف,الساعات المركّزة 0/5/6,5567,57.751,-0.214,-0.261,-0.174
إغلاق الأمس (PDC),هدف 1.2% + وقف,اتجاه يومي صاعد,21371,60.414,-0.214,-0.284,-0.178
إغلاق الأمس (PDC),تحت الخط + وقف,ساعات مركّزة + تجاوز صغير,6492,15.712,-0.214,-0.281,-0.156
قمة الأمس (PDH),هدف 1.2% + وقف,اتجاه صاعد + تجاوز صغير,7981,58.464,-0.219,-0.165,-0.249
إغلاق الأمس (PDC),تحت الخط + وقف,اتجاه صاعد + ساعات مركّزة,4121,17.908,-0.220,-0.295,-0.192
إغلاق الأمس (PDC),تحت الخط + وقف,الساعات المركّزة 0/5/6,7742,17.037,-0.221,-0.367,-0.097
إغلاق الأمس (PDC),هدف 1.2% + وقف,حجم نسبي ≥ 1.2,12623,56.603,-0.267,-0.297,-0.236
قمة الأمس (PDH),هدف 1.2% + وقف,بلا فلتر,18241,56.598,-0.275,-0.284,-0.266
قمة الأمس (PDH),هدف 1.2% + وقف,اتجاه يومي صاعد,11052,57.691,-0.298,-0.258,-0.321
قمة الأمس (PDH),هدف 1.2% + وقف,حجم نسبي ≥ 1.2,10965,54.273,-0.354,-0.349,-0.360
