الشرط,n,n1,n2,متوسط,نجاح%,نصف1,نصف2,تحسن1,تحسن2,اجتاز؟
كل الإشارات (خط الأساس),7573,3771,3802,0.05663144620037259,54.879176020071306,0.009573971468420622,0.10330523294792412,0.0,0.0,False
الساعات المركّزة 0/5/6,3778,1859,1919,0.21216756211726018,58.8935944944415,0.12432031707027374,0.2972681502060291,0.11474634560185312,0.19396291725810497,True
rsi2 < 10,1722,749,973,0.09390378069318722,55.807200929152145,-0.16522624952902187,0.293377976619636,-0.1748002209974425,0.19007274367171187,False
rsi2 < 5,581,250,331,0.11152048242807795,56.11015490533563,-0.24830513986357722,0.3832921004731347,-0.2578791113319978,0.2799868675252106,False
rsi2 < 2,123,48,75,0.21799978090804428,57.72357723577236,-0.19643744271161814,0.48323960402462823,-0.20601141418003877,0.37993437107670414,False
rsi14 < 40,174,71,103,-0.049151303265866676,54.02298850574713,-0.32498588559459585,0.14098709814519905,-0.3345598570630165,0.03768186519727493,False
rsi14 < 35,32,14,18,0.03752892453523202,59.375,-0.04258805623013606,0.099842131797185,-0.052162027698556684,-0.0034631011507391257,False
عمق التراجع ≤ -1%,1067,514,553,0.034397288838255255,58.95032802249297,-0.06269041148100363,0.12463793615127348,-0.07226438294942425,0.02133270320334936,False
عمق التراجع ≤ -2%,276,120,156,0.015149686314513203,59.78260869565217,-0.16776920393407735,0.15585652496727517,-0.17734317540249797,0.05255129201935105,False
عمق التراجع ≤ -3%,96,49,47,0.018935549412936643,60.416666666666664,-0.12857142857142856,0.1727194200774877,-0.13814540003984918,0.06941418712956357,False
عمق التراجع بين 0 و-1% فقط,6506,3257,3249,0.060277902687519716,54.21149707961881,0.020978298406094557,0.09967427423094899,0.011404326937673934,-0.0036309587169751356,False
عمق ≥ 1×ATR تحت المتوسط,414,189,225,0.027181632712760733,54.589371980676326,-0.34725420030640786,0.34170773244886243,-0.3568281717748285,0.2384024995009383,False
عمق ≥ 1.5×ATR تحت المتوسط,121,43,78,0.4822661701814176,66.94214876033058,0.08421998691426451,0.7017018865979252,0.07464601544584389,0.598396653650001,False
حجم نسبي 1.2-2.5 (فلتر البوت),1385,657,728,-0.026029675282050652,52.27436823104693,-0.07701982289740665,0.01998753211257691,-0.08659379436582727,-0.08331770083534722,False
حجم نسبي > 1.5,1238,548,690,-0.03439036164108983,52.50403877221325,-0.10299515984684925,0.020095767948411853,-0.11256913131526987,-0.08320946499951228,False
حجم نسبي < 1.5,6335,3223,3112,0.07441913335234268,55.34333070244672,0.02871386720554994,0.12175463232120931,0.019139895737129316,0.018449399373285186,False
ADX > 20,4541,2210,2331,0.08048215031710078,56.06694560669456,-0.024637314809516437,0.18014496367180866,-0.034211286277937056,0.07683973072388453,False
ADX > 25,3086,1473,1613,-0.001254418540357765,54.40699935191186,-0.10345204806643243,0.0920729889561754,-0.11302601953485306,-0.011232243991748728,False
ADX < 20 (سوق هادئ),3032,1561,1471,0.02091045431578731,53.10026385224275,0.0580089123231553,-0.018457793780406708,0.048434940854734675,-0.12176302672833084,False
فوق متوسط 200 ساعة,5653,2922,2731,0.012439497816760207,54.34282681761896,0.004004906059886824,0.021463985957948024,-0.005569065408533799,-0.08184124698997611,False
تقلب ATR% < 2,6138,3048,3090,0.07207069763366272,53.73085695666341,0.03074260052736686,0.1128370536142419,0.021168629058946238,0.009531820666317775,False
تقلب ATR% > 2,1435,723,712,-0.009407665505226441,59.79094076655053,-0.07966804979253114,0.061938202247191154,-0.08924202126095176,-0.04136703070073297,False
فارق اليوم > 0 حتى 10%,3132,1880,1252,0.08846892802766604,53.192848020434226,0.0003683604037739901,0.22076051519453269,-0.009205611064646632,0.11745528224660856,False
فارق اليوم > 10%,4441,1891,2550,0.034178171468761905,56.06845305111461,0.01872603323549392,0.045636992409589294,0.009152061767073297,-0.05766824053833483,False
إغلاقان هابطان على الأقل,7139,3537,3602,0.05427935463363793,54.9096512116543,0.007599894492468412,0.10011645916426441,-0.0019740769759522105,-0.0031887737836597124,False
3 إغلاقات هابطة على الأقل,4707,2230,2477,0.056152393713158825,55.321861057998724,-0.0765238144767212,0.17559847536977266,-0.08609778594514182,0.07229324242184854,False
5 إغلاقات هابطة (هبوط متصل),109,57,52,0.17205591918062293,59.63302752293578,-0.1046394833374623,0.47535664886390855,-0.11421345480588292,0.37205141591598445,False
