النظام,الهدف%,n,نجاح%,متوسط%,نصف1%,نصف2%,مفتاح
3 إغلاقات هابطة + اتجاه,2.000,21819,54.755,0.008,-0.036,0.052,3 إغلاقات هابطة + اتجاه|2.0
3 إغلاقات هابطة + اتجاه,1.200,23911,65.112,-0.085,-0.086,-0.084,3 إغلاقات هابطة + اتجاه|1.2
IBS<0.1 + اتجاه صاعد,2.000,20366,55.637,0.050,-0.000,0.101,IBS<0.1 + اتجاه صاعد|2.0
IBS<0.1 + اتجاه صاعد,1.200,23352,66.178,-0.052,-0.068,-0.035,IBS<0.1 + اتجاه صاعد|1.2
IBS<0.2 + اتجاه صاعد,2.000,29652,55.322,0.016,-0.043,0.076,IBS<0.2 + اتجاه صاعد|2.0
IBS<0.2 + اتجاه صاعد,1.200,35958,65.963,-0.076,-0.097,-0.054,IBS<0.2 + اتجاه صاعد|1.2
ORB فوق أول ساعة (بلا فلتر),2.000,62608,49.572,-0.192,-0.213,-0.170,ORB فوق أول ساعة (بلا فلتر)|2.0
ORB فوق أول ساعة (بلا فلتر),1.200,80356,60.144,-0.240,-0.261,-0.220,ORB فوق أول ساعة (بلا فلتر)|1.2
ORB فوق أول ساعة + اتجاه,2.000,38388,50.781,-0.200,-0.268,-0.132,ORB فوق أول ساعة + اتجاه|2.0
ORB فوق أول ساعة + اتجاه,1.200,48896,61.355,-0.248,-0.296,-0.200,ORB فوق أول ساعة + اتجاه|1.2
Williams%R<-80 + اتجاه صاعد,2.000,25580,54.750,-0.007,-0.052,0.036,Williams%R<-80 + اتجاه صاعد|2.0
Williams%R<-80 + اتجاه صاعد,1.200,30998,65.875,-0.081,-0.090,-0.073,Williams%R<-80 + اتجاه صاعد|1.2
Williams%R<-90 + اتجاه صاعد,2.000,16499,54.749,0.016,-0.006,0.037,Williams%R<-90 + اتجاه صاعد|2.0
Williams%R<-90 + اتجاه صاعد,1.200,18872,65.738,-0.066,-0.062,-0.070,Williams%R<-90 + اتجاه صاعد|1.2
تحت VWAP بـ1% + اتجاه,2.000,31275,54.532,-0.093,-0.181,-0.007,تحت VWAP بـ1% + اتجاه|2.0
تحت VWAP بـ1% + اتجاه,1.200,37280,65.566,-0.155,-0.188,-0.122,تحت VWAP بـ1% + اتجاه|1.2
تقاطع 9/21 + EMA200,2.000,10361,45.999,-0.270,-0.258,-0.281,تقاطع 9/21 + EMA200|2.0
تقاطع 9/21 + EMA200,1.200,10625,57.252,-0.286,-0.267,-0.306,تقاطع 9/21 + EMA200|1.2
