system,trades,win_rate,avg_net_pct,total_net_pct,avg_win_pct,avg_loss_pct,profit_factor,max_dd_pct,avg_bars_held,t_stat,stop_avg_pct,open_trades,kind,seeds
bot_current_pivot_stop,73.0,50.68,0.0538,3.93,1.8,-1.7409,1.063,13.66,18.12,0.25,1.599,8.0,system,
bot_current_uniform_stop,71.0,53.52,0.0145,1.03,1.8,-2.0415,1.015,14.67,12.94,0.06,1.896,8.0,system,
bot_gated,23.0,47.83,-0.067,-1.54,1.8,-1.7785,0.928,7.02,27.43,-0.17,1.664,7.0,system,
supertrend_10_3,3200.0,47.47,-0.5589,-1788.62,1.8,-2.6906,0.605,1795.82,2.02,-14.09,2.49,8.0,system,
supertrend_10_2,5789.0,48.23,-0.5265,-3047.93,1.8,-2.6939,0.622,3056.03,1.92,-17.83,2.493,8.0,system,
wavetrend_cross,22252.0,48.42,-0.5188,-11543.75,1.8,-2.6953,0.627,11551.85,1.94,-34.44,2.496,71.0,system,
wavetrend_oversold,11425.0,47.84,-0.5446,-6222.59,1.8,-2.6953,0.613,6225.29,2.04,-25.92,2.496,11.0,system,
squeeze_momentum,6023.0,49.16,-0.4846,-2918.52,1.8,-2.6938,0.646,2922.12,1.94,-16.73,2.495,14.0,system,
impulse_macd,12430.0,49.8,-0.4565,-5674.18,1.8,-2.6949,0.663,5680.48,2.02,-22.64,2.495,23.0,system,
impulse_macd_pos,2386.0,47.49,-0.5542,-1322.29,1.8,-2.6829,0.607,1321.39,2.23,-12.08,2.483,20.0,system,
ut_bot,15998.0,44.82,-0.6806,-10887.61,1.8,-2.6952,0.542,10894.81,1.92,-38.49,2.495,36.0,system,
bot_current_pivot_stop__random_control,15.3333,47.9167,0.0251,0.3333,1.8,-1.5864,1.1307,7.7867,23.8767,0.0833,1.5837,,random_control,3.0
bot_current_uniform_stop__random_control,76.3333,55.4633,0.1092,8.3133,1.8,-1.9952,1.1287,14.8933,16.1133,0.4967,1.9343,,random_control,3.0
bot_gated__random_control,25.0,61.87,0.4597,12.2567,1.8,-1.6643,2.2973,9.13,21.66,1.65,1.752,,random_control,3.0
supertrend_10_3__random_control,3082.6667,50.55,-0.4211,-1305.6433,1.8,-2.6914,0.718,1393.36,2.11,-10.47,2.4917,,random_control,3.0
supertrend_10_2__random_control,5435.3333,49.57,-0.4661,-2541.0133,1.8,-2.6936,0.668,2554.2133,2.0167,-15.3633,2.4933,,random_control,3.0
wavetrend_cross__random_control,19435.3333,49.7433,-0.4597,-8936.9333,1.8,-2.6964,0.6627,8940.8333,1.9767,-28.5233,2.497,,random_control,3.0
wavetrend_oversold__random_control,10618.3333,51.39,-0.3856,-4087.3167,1.8,-2.6962,0.7063,4090.0167,1.9867,-17.6667,2.4967,,random_control,3.0
squeeze_momentum__random_control,5723.6667,48.37,-0.521,-2988.8767,1.8,-2.6953,0.633,2995.7767,1.9967,-17.6133,2.4953,,random_control,3.0
impulse_macd__random_control,11414.6667,52.7233,-0.3249,-3697.19,1.8,-2.6946,0.7467,3704.99,2.0133,-15.44,2.4953,,random_control,3.0
impulse_macd_pos__random_control,2347.3333,47.9033,-0.536,-1260.5033,1.8,-2.6842,0.6267,1267.7033,2.37,-11.6567,2.4837,,random_control,3.0
ut_bot__random_control,14282.3333,50.6533,-0.4185,-5992.3733,1.8,-2.6957,0.6897,5998.3733,1.97,-22.2933,2.496,,random_control,3.0
buy_and_hold,385.0,13.25,-36.915,-14212.29,140.4025,-63.9905,0.0,0.0,0.0,-3.61,0.0,0.0,baseline,
