system,target,stop_mult,hours,n,win,avg,t,train_avg,test_avg,test_t,test_n,symbols
qd_d1h1_pullback,2.0,1.5,good,2335,56.017130620985014,0.10931550198789626,2.728057155805058,0.013305561369842256,0.2077402633153376,3.6674137535852207,1153,140
qd_d1h1_pullback,1.5,1.5,good,2425,63.79381443298969,0.10215775952198385,3.1079612718624765,0.02317265555649065,0.18173132866602792,3.9681453806979983,1208,140
qd_d1h1_pullback,1.5,1.0,good,2454,58.557457212713935,0.07750888511444855,2.602179399955432,-0.01750494948110926,0.17392686504885696,4.196035488223518,1218,140
qd_d1h1_pullback,2.0,1.0,good,2374,50.042122999157534,0.06683397970692234,1.8525355896460036,-0.041769685351491795,0.1787821545532774,3.5038613734958126,1169,140
qd_d1h1_pullback,2.0,0.75,good,2386,47.946353730092206,0.06506714659741651,1.8901820474624944,-0.02585861878506026,0.15862171812190362,3.256474291171319,1176,140
qd_d1h1_pullback,1.5,0.75,good,2464,56.20941558441559,0.06415283919017659,2.2488928765405234,-0.01917366902205887,0.1487057391831318,3.736061675107151,1223,140
qd_rsi2_extreme,2.0,1.5,good,3589,52.71663415993313,0.05735368773734419,1.8458761692326429,0.047387591841590006,0.0674258653261064,1.5142381978713195,1785,150
qd_rsi2_extreme,2.0,1.0,good,3640,47.74725274725275,0.022263272388673653,0.7843911599186251,-0.007461141589047565,0.05228312504756496,1.2976743443129646,1811,150
qd_rsi2_extreme,1.5,1.5,good,3677,59.61381561055208,0.01970570894025473,0.7549976595657548,0.015876931426185983,0.023595360658220405,0.6282594931949432,1824,150
qd_d1h1_pullback,1.0,1.5,good,2548,71.8210361067504,0.014933884438714832,0.588117554388377,-0.053168818337913225,0.08400563753153206,2.403971741306393,1265,140
qd_bb_lower_revert,2.0,1.5,good,3007,51.61290322580645,0.01105050258427658,0.3235636060749571,0.11552457241243151,-0.09979655711002351,-1.9960550494045752,1459,149
qd_rsi2_connors,2.0,1.5,good,6208,52.01353092783505,0.010481492897539153,0.437290507000321,-0.019907043933324587,0.04152312104420784,1.205804465297094,3071,150
qd_bb_lower_revert,2.0,1.0,good,3065,47.14518760195758,0.006498150620203926,0.2108819464233323,0.060498569289970376,-0.05073213180064397,-1.147657807085616,1488,149
qd_rsi2_extreme,2.0,1.5,all,7872,51.81656504065041,0.003235848971856272,0.151929424914278,-0.017946514557350107,0.024721746881215062,0.8104741752864291,3908,150
qd_rsi2_extreme,2.0,0.75,good,3668,45.58342420937841,0.0020922208129488225,0.07675533143835755,-0.03420664938157802,0.03858955393910239,1.002626716657129,1829,150
qd_rsi2_extreme,1.5,1.0,good,3717,55.0712940543449,-0.0009518864831161562,-0.03981755141807568,-0.030417977539755038,0.02897760839165859,0.854591277303183,1844,150
qd_rsi2_connors,2.0,1.0,good,6378,47.42866102226404,-0.001004849407372297,-0.04644126320935927,-0.04484963738527764,0.04370072921481111,1.4205203849812684,3158,150
qd_rsi2_extreme,1.0,1.5,good,3761,69.26349375166178,-0.009720916330796844,-0.478987614481711,-0.011510481113472812,-0.00790547139325626,-0.27108225066360203,1867,150
qd_rsi2_connors,1.5,1.5,good,6474,59.14426938523324,-0.010550112009066094,-0.5286263457896578,-0.024031471554681817,0.0034404584731167875,0.11960697416205672,3177,150
qd_d1h1_pullback,1.0,1.0,good,2564,66.69266770670826,-0.012028806076593256,-0.5201850946480848,-0.08266578368664718,0.05971881583550554,1.875557157688861,1272,140
qd_rsi2_connors,1.5,1.0,good,6619,54.872337211059076,-0.016490692418739752,-0.911590052622476,-0.051390326307057976,0.019686804987335365,0.7655943768526084,3250,150
qd_rsi2_extreme,1.5,1.5,all,8277,58.886069832064756,-0.01698483638412607,-0.9614795115912727,-0.03684490771021441,0.002976267281557178,0.11791155351601554,4128,150
qd_d1h1_pullback,2.0,1.5,all,6693,53.92200806813088,-0.01748894599204083,-0.7177158985851076,-0.023682623137737512,-0.011289713978948913,-0.32885053103695844,3345,144
qd_rsi2_extreme,1.5,0.75,good,3741,52.9270248596632,-0.01772570536862093,-0.7706034683948024,-0.0603035895640491,0.025332896874174986,0.7827564303315819,1860,150
qd_bb_lower_revert,2.0,0.75,good,3085,44.60291734197731,-0.01793778726692044,-0.6095373000358618,0.012163789367477699,-0.049539442471139075,-1.1856402261239873,1505,149
qd_rsi2_connors,2.0,0.75,good,6453,45.01782116844878,-0.022923471014683013,-1.1101186346145981,-0.08170579946284894,0.0368694945277777,1.2607912842330045,3199,150
qd_bb_lower_revert,1.5,1.0,good,3113,54.224221008673304,-0.023398445889647537,-0.8965015304323914,0.010485739144286988,-0.05964821565002032,-1.5854136093165467,1504,149
qd_d1h1_pullback,1.0,0.75,good,2568,64.44704049844236,-0.02390032642381068,-1.0761657431325913,-0.08531069766710037,0.038280080822529663,1.247280865729844,1276,140
qd_bb_lower_revert,1.5,1.5,good,3065,58.499184339314844,-0.024752351958532696,-0.8552953652773844,0.0698447295961183,-0.1264586251533775,-2.946967960318804,1477,149
qd_rsi2_extreme,2.0,1.0,all,8256,46.814437984496124,-0.024917890478695828,-1.309009423610951,-0.0437494976522995,-0.005976478015450143,-0.22216817653068624,4116,150
qd_rsi2_connors,2.0,1.5,all,12448,51.69505141388174,-0.02653534604074779,-1.544417218256541,-0.08849325260594464,0.035462392029794766,1.4519683126119634,6222,150
qd_rsi2_extreme,0.75,1.5,good,3815,75.38663171690695,-0.031415535630743084,-1.8549966727753524,-0.02305626318614331,-0.03988508871445367,-1.636691869004594,1895,150
qd_rsi2_connors,1.5,0.75,good,6682,52.51421730020952,-0.03479536651868476,-2.008836379629407,-0.0863418344598516,0.018476637476507744,0.7551656585944128,3286,150
qd_rsi2_extreme,1.5,1.0,all,8606,54.252846851034164,-0.03490450253766676,-2.194483502834858,-0.055506735885350544,-0.014187038800716081,-0.6315721586654728,4291,150
qd_rsi2_extreme,1.0,1.0,good,3788,64.88912354804647,-0.0364741561793976,-1.940806666597247,-0.05987479822787324,-0.012750060280172159,-0.4821234183689682,1881,150
qd_bb_lower_revert,1.5,0.75,good,3134,51.882578174856405,-0.03715529901686121,-1.490651049130635,-0.025673856969024866,-0.049331213562002575,-1.3878230095412125,1521,149
qd_rsi2_extreme,2.0,0.75,all,8394,44.6152013342864,-0.038798318947002565,-2.1408602010023916,-0.06887788958426634,-0.008718748309738775,-0.3422743964988624,4197,150
qd_rsi2_connors,1.0,1.5,good,6779,68.47617642720165,-0.04318432718879905,-2.7925505917502633,-0.038344576205367464,-0.04803694604781436,-2.1652692185045126,3385,150
qd_d1h1_pullback,0.75,1.5,good,2601,76.50903498654364,-0.04413597682519915,-2.0454531502275843,-0.0769611026614587,-0.011133691481727725,-0.37187218521863824,1297,140
qd_rsi2_connors,1.5,1.5,all,13529,58.60743587848326,-0.04452756917380874,-3.1744216610794673,-0.08425372758712271,-0.004524429682698353,-0.22700385940083803,6741,150
qd_rsi2_extreme,1.5,0.75,all,8728,51.98212648945921,-0.05060344045664726,-3.3304548987489415,-0.07991333324964313,-0.02125322219775872,-0.9974177139974412,4361,150
qd_rsi2_extreme,1.0,0.75,good,3807,62.8053585500394,-0.05398176879104196,-2.9666829828589645,-0.08638267706435357,-0.021221420964777624,-0.8359070024755175,1893,150
qd_rsi2_connors,2.0,1.0,all,13374,46.388515029161056,-0.0547485083946505,-3.625931194624385,-0.10030696361716386,-0.009190053172137147,-0.4324701506675861,6687,150
qd_rsi2_connors,1.0,1.0,good,6884,64.36664729808251,-0.05711822910577645,-4.0400660229740994,-0.07356334558513314,-0.04067311262641975,-2.051874931395634,3442,150
qd_d1h1_pullback,2.0,1.0,all,7038,47.61295822676897,-0.05759797185958428,-2.6859655608468493,-0.05767177780012831,-0.05752412396000642,-1.9193934730379119,3518,144
qd_rsi2_extreme,1.0,1.5,all,8772,67.74965800273598,-0.0621238572201889,-4.5394919789516415,-0.0607785913336401,-0.0634691231067377,-3.23596521063987,4386,150
qd_rsi2_extreme,0.75,1.0,good,3840,71.19791666666667,-0.062495587510109286,-3.943190391831102,-0.0726389783987937,-0.05224598310426587,-2.348861458519109,1910,150
qd_rsi2_connors,1.5,1.0,all,14347,53.62793615389977,-0.0647554298457841,-5.200605627399994,-0.09880535898788337,-0.03069125784431141,-1.7570201588132874,7172,150
qd_d1h1_pullback,2.0,0.75,all,7171,44.77757634918421,-0.06510942522305144,-3.244157291460621,-0.05672446849457848,-0.07358135795347381,-2.6230746963280502,3567,144
qd_d1h1_pullback,0.75,1.0,good,2610,71.80076628352491,-0.06551345291531904,-3.335730617234843,-0.1098589846891145,-0.020826801666340565,-0.7718667406504641,1300,140
qd_d1h1_pullback,1.5,1.5,all,7496,60.032017075773744,-0.06578561387231881,-3.3449104122354836,-0.06082535807901332,-0.07075116625483233,-2.5504609837256247,3746,144
qd_bb_lower_revert,2.0,1.5,all,6639,49.902093688808556,-0.0675724790250168,-2.9059904359296445,-0.027931458835164853,-0.10768198399893064,-3.2047842506304023,3300,150
qd_rsi2_connors,0.75,1.5,good,6989,74.41694090713979,-0.0678415562552241,-5.231904912533735,-0.07176165376692983,-0.06391584577457261,-3.459413602543933,3492,150
qd_d1h1_pullback,0.75,0.75,good,2612,69.8698315467075,-0.07187348084231585,-3.8170663802026303,-0.11428595956835617,-0.029200403168650097,-1.1269402327741467,1302,140
qd_rsi2_connors,2.0,0.75,all,13759,43.90580710807471,-0.07243462440843218,-5.088538773491442,-0.12107928860085777,-0.02371211743071173,-1.1881620060833853,6874,150
qd_bb_lower_revert,2.0,1.0,all,7006,45.204110762203825,-0.0735826996274607,-3.579062247235231,-0.037896145417389455,-0.1098443465096943,-3.7582611697209853,3475,150
qd_bb_lower_revert,1.0,1.0,good,3186,63.2768361581921,-0.07841042514175695,-3.7765413368988727,-0.03298382908664947,-0.12702485249897724,-4.209041009966996,1539,149
qd_rsi2_connors,1.0,0.75,good,6926,61.88276061218596,-0.07912847799251141,-5.806080214012413,-0.1103458367192659,-0.04647244630818713,-2.4228662683390882,3385,150
qd_rsi2_extreme,0.75,0.75,good,3856,69.21680497925311,-0.07942972826066749,-5.153763102412185,-0.09783941247508117,-0.06088587664437885,-2.8402463242534077,1921,150
qd_rsi2_connors,1.5,0.75,all,14683,51.15439624055029,-0.08126992226979816,-6.888025902641306,-0.11857206139068249,-0.04395253704300613,-2.6681533461002056,7340,150
qd_rsi2_connors,0.75,1.0,good,7069,70.67477719620881,-0.08139189458250184,-6.835781222128111,-0.09468160212119445,-0.06748271891592,-4.014943931916044,3454,150
qd_bb_lower_revert,1.0,1.5,good,3150,67.2063492063492,-0.08197828978072189,-3.554719454923588,0.013203271801748559,-0.18469898495388307,-5.316447736926683,1515,149
qd_rsi2_extreme,1.0,1.0,all,9037,63.217882040500164,-0.08518563826852157,-6.841559188585671,-0.08895855614063826,-0.08140184984402511,-4.632915082305022,4512,150
qd_d1h1_pullback,1.5,1.0,all,7790,54.1976893453145,-0.08522238290710832,-4.900240073937158,-0.0766068242164065,-0.09389564497904612,-3.854019574073522,3882,144
qd_bb_lower_revert,1.5,1.5,all,7008,56.87785388127854,-0.0855722366932945,-4.410576070457723,-0.06421449806133565,-0.10727405857133784,-3.813817255944756,3476,150
qd_d1h1_pullback,1.5,0.75,all,7896,51.456433637284704,-0.08952820945163313,-5.484691217539222,-0.07275279473566916,-0.10630362416759712,-4.663625329170573,3948,144
qd_rsi2_connors,1.0,1.5,all,14944,67.311295503212,-0.08960836387784296,-8.36746073028027,-0.10629940131397625,-0.07291732644170967,-4.79178930655126,7472,150
qd_bb_lower_revert,1.5,1.0,all,7332,52.16857610474632,-0.09312166816397979,-5.402823732524977,-0.08860338953473179,-0.09764241242958756,-3.9959189954174232,3665,150
qd_bb_lower_revert,2.0,0.75,all,7139,42.653032637624314,-0.09326611258479924,-4.795215000183045,-0.06741958185067133,-0.11923603310339223,-4.363243750377841,3561,150
qd_rsi2_extreme,1.0,0.75,all,9143,61.29279230012031,-0.09332642786623745,-7.828053672369283,-0.10305559004191313,-0.08355247016201778,-5.001853514179335,4561,150
qd_bb_lower_revert,1.0,0.75,good,3202,60.712054965646466,-0.09613189390529815,-4.839596530469243,-0.06734679428667127,-0.12673460935035896,-4.444878333734525,1552,149
qd_rsi2_connors,0.75,0.75,good,7099,68.3758275813495,-0.10087449451348082,-8.748023073649106,-0.12783162695201844,-0.07272978900753856,-4.511711763973831,3473,150
qd_rsi2_connors,1.0,1.0,all,15639,62.72140162414477,-0.10638073214465556,-11.08128859066152,-0.1236569315040589,-0.0890181517884552,-6.622307145371648,7800,150
qd_rsi2_extreme,0.75,1.5,all,9070,72.70121278941566,-0.10944868509173815,-9.402739734683886,-0.10286688774080395,-0.11603048244267238,-6.9387156000476375,4535,150
qd_bb_lower_revert,0.75,1.5,good,3210,72.77258566978193,-0.11014531668252474,-5.62296610093806,-0.02894346259622389,-0.19646142636037925,-6.625831359129636,1556,149
qd_bb_lower_revert,1.5,0.75,all,7450,49.58389261744966,-0.11044073049390242,-6.757135063790021,-0.11724257087718808,-0.10359492453851905,-4.502164287369291,3713,150
qd_bb_lower_revert,0.75,1.0,good,3241,68.9601974699167,-0.11384226253935865,-6.433054660038355,-0.07363811829726223,-0.156316818480406,-6.074770876420934,1576,149
qd_rsi2_connors,0.75,1.5,all,15914,72.89179338946839,-0.11723245567355463,-13.13858174422289,-0.12461636702735263,-0.10983182182298151,-8.655589009716278,7948,150
qd_rsi2_connors,1.0,0.75,all,15912,60.47637003519356,-0.11821437972526601,-12.927818422721765,-0.13967463604951205,-0.09671632700039857,-7.603973753459181,7949,150
qd_bb_lower_revert,1.0,1.5,all,7556,65.81524616199047,-0.12222357439073187,-8.091658945643754,-0.08864453328230615,-0.15587379523653633,-7.0800867824466875,3774,150
qd_d1h1_pullback,1.0,1.5,all,8624,67.98469387755102,-0.12383845480304384,-8.358431085395546,-0.10488655464244409,-0.14280794373409425,-6.797140992219292,4310,144
qd_rsi2_extreme,0.75,1.0,all,9299,68.6417894397247,-0.12724112447380426,-11.968182051670395,-0.1248545036573351,-0.12963958062420589,-8.639720536274206,4638,150
qd_bb_lower_revert,0.75,0.75,good,3253,66.58469105441131,-0.12926299395109017,-7.61048688375583,-0.10455938437576004,-0.15522826328405062,-6.373812476809287,1586,149
qd_rsi2_connors,0.75,1.0,all,16534,68.79158098463772,-0.12976266404901782,-16.150948412912044,-0.1378900009067883,-0.12158404439588223,-10.809791112904815,8241,150
qd_bb_lower_revert,1.0,1.0,all,7821,61.18143459915611,-0.13430592076726136,-9.939885597832642,-0.11968280391361595,-0.14897773140141324,-7.742765404896712,3904,150
qd_rsi2_extreme,0.75,0.75,all,9388,66.8193438432041,-0.13471853671566142,-13.213451514405858,-0.13657409494448616,-0.1328502854848439,-9.303722649145778,4678,150
qd_d1h1_pullback,1.0,0.75,all,8906,60.15046036379969,-0.1361417521514992,-10.983923133927565,-0.10920820091395769,-0.1631116182895857,-9.37852801879157,4450,144
qd_d1h1_pullback,1.0,1.0,all,8845,62.55511588468061,-0.13686844356978126,-10.39434360007287,-0.11711695174786778,-0.15666912407406758,-8.46568330656975,4417,144
qd_rsi2_connors,0.75,0.75,all,16759,66.68058953398173,-0.1411503542553107,-18.36456755209305,-0.15243088313831937,-0.12983071774078891,-12.151748387719174,8365,150
qd_bb_lower_revert,1.0,0.75,all,7918,58.90376357666077,-0.1438723068883385,-11.199725410085737,-0.13797820161762828,-0.14984132452903737,-8.267072467606985,3934,150
qd_bb_lower_revert,0.75,1.5,all,7931,71.08813516580507,-0.15750382319203948,-12.282105675607117,-0.12208136412787239,-0.193493545835526,-10.269011361418434,3934,150
qd_d1h1_pullback,0.75,1.5,all,9284,72.87806979750108,-0.15779852691357021,-12.781753291552297,-0.13721438960208096,-0.17840040917101763,-10.149324465505842,4640,144
qd_bb_lower_revert,0.75,1.0,all,8164,66.63400293973542,-0.1705358772696939,-14.814348755654889,-0.15345006732313995,-0.18767198891383338,-11.430857181970024,4076,150
qd_d1h1_pullback,0.75,1.0,all,9438,67.76859504132231,-0.17071530783695985,-15.475761960808295,-0.14782764161152873,-0.1936223827257155,-12.442107192938163,4717,144
qd_d1h1_pullback,0.75,0.75,all,9475,65.46701846965699,-0.1724366553202008,-16.558312232847943,-0.14544377707657172,-0.1994922811675239,-13.598829829228475,4732,144
qd_bb_lower_revert,0.75,0.75,all,8253,64.5098751968981,-0.1778188626247692,-16.240734322879778,-0.16907186544797062,-0.18667893074068245,-12.078298477158958,4100,150
