shadow_id,symbol,entry_bar_open_time,entry_time_ms,entry_time_local,entry_date_local,entry_hour_local,in_focus_hours,entry_price,target_price,stop_price,stop_pct,atr_at_entry,rsi2,rsi14,distance_from_ema20_pct,d1_close,d1_sma50,d1_gap_pct,outcome,exit_reason,exit_time_ms,exit_price,duration_minutes,net_return_pct,max_favorable_pct
ANIMEUSDT-1791457200000,ANIMEUSDT,1791457200000,1791460799999,2026-10-08 2:59:59 مساءً,2026-10-08,14,0,0.00311,0.0031722,0.0030645694,1.460791,3.02871e-05,26.1344,45.5209,-0.275095,0.00314,0.0030316,3.57567,,,,,,,0.0
ARBUSDT-1791457200000,ARBUSDT,1791457200000,1791460799999,2026-10-08 2:59:59 مساءً,2026-10-08,14,0,0.1842,0.187884,0.1800901148,2.231208,0.0027399235,23.4176,44.0743,-0.749096,0.1858,0.159608,16.410205,,,,,,,0.0
ARKMUSDT-1791457200000,ARKMUSDT,1791457200000,1791460799999,2026-10-08 2:59:59 مساءً,2026-10-08,14,0,0.1268,0.129336,0.1241772873,2.068385,0.0017484751,38.3275,47.8952,-0.051331,0.1278,0.115538,10.612959,,,,,,,0.0
ASTRUSDT-1791457200000,ASTRUSDT,1791457200000,1791460799999,2026-10-08 2:59:59 مساءً,2026-10-08,14,0,0.00696,0.0070992,0.0068532323,1.534019,7.11785e-05,33.3396,45.0884,-0.133704,0.006992,0.00637448,9.687378,,,,,,,0.0
AUCTIONUSDT-1791457200000,AUCTIONUSDT,1791457200000,1791460799999,2026-10-08 2:59:59 مساءً,2026-10-08,14,0,3.652,3.72504,3.5971970766,1.500628,0.0365352822,30.9259,43.8572,-0.512343,3.705,3.48104,6.433709,,,,,,,0.0
AXLUSDT-1791457200000,AXLUSDT,1791457200000,1791460799999,2026-10-08 2:59:59 مساءً,2026-10-08,14,0,0.0512,0.052224,0.0501319708,2.085995,0.0007120195,26.8694,48.7614,-0.134036,0.0518,0.046348,11.763183,,,,,,,0.0
BERAUSDT-1791457200000,BERAUSDT,1791457200000,1791460799999,2026-10-08 2:59:59 مساءً,2026-10-08,14,0,0.2203,0.224706,0.2154320004,2.209714,0.0032453331,35.3073,46.6288,-0.266695,0.2229,0.200094,11.397643,,,,,,,0.0
BIGTIMEUSDT-1791457200000,BIGTIMEUSDT,1791457200000,1791460799999,2026-10-08 2:59:59 مساءً,2026-10-08,14,0,0.0083,0.008466,0.0081584777,1.705087,9.43482e-05,17.117,44.491,-0.274592,0.00828,0.0075152,10.176709,,,,,,,0.0
BLURUSDT-1791457200000,BLURUSDT,1791457200000,1791460799999,2026-10-08 2:59:59 مساءً,2026-10-08,14,0,0.01896,0.0193392,0.0186104397,1.843672,0.0002330402,17.291,37.8854,-1.438416,0.01936,0.0180084,7.505386,,,,,,,0.0
BREVUSDT-1791457200000,BREVUSDT,1791457200000,1791460799999,2026-10-08 2:59:59 مساءً,2026-10-08,14,0,0.085,0.0867,0.0831308401,2.199012,0.0012461066,21.6304,44.4398,-0.934653,0.0857,0.07965,7.595731,,,,,,,0.0
CELOUSDT-1791457200000,CELOUSDT,1791457200000,1791460799999,2026-10-08 2:59:59 مساءً,2026-10-08,14,0,0.09472,0.0966144,0.0931577089,1.649378,0.0010415274,36.6553,44.8475,-0.147215,0.09513,0.0842998,12.847243,,,,,,,0.0
CFGUSDT-1791457200000,CFGUSDT,1791457200000,1791460799999,2026-10-08 2:59:59 مساءً,2026-10-08,14,0,0.1388,0.141576,0.1355015303,2.376419,0.0021989798,14.6495,44.2256,-0.660434,0.1411,0.130592,8.046435,,,,,,,0.0
CGPTUSDT-1791457200000,CGPTUSDT,1791457200000,1791460799999,2026-10-08 2:59:59 مساءً,2026-10-08,14,0,0.02155,0.021981,0.0211434842,1.886384,0.0002710105,32.1646,44.1134,-0.378083,0.02164,0.0209634,3.22753,target,take_profit,1791464399999,0.021981,60,1.8,2.180974
CHRUSDT-1791457200000,CHRUSDT,1791457200000,1791460799999,2026-10-08 2:59:59 مساءً,2026-10-08,14,0,0.02161,0.0220422,0.0211869191,1.957802,0.000282054,70.3386,47.1694,-0.094281,0.02204,0.0177586,24.108882,,,,,,,0.0
COOKIEUSDT-1791457200000,COOKIEUSDT,1791457200000,1791460799999,2026-10-08 2:59:59 مساءً,2026-10-08,14,0,0.01204,0.0122808,0.0118166503,1.855064,0.0001488998,41.9219,45.7997,-0.233582,0.0122,0.0115958,5.210507,,,,,,,0.0
DCRUSDT-1791457200000,DCRUSDT,1791457200000,1791460799999,2026-10-08 2:59:59 مساءً,2026-10-08,14,0,17.85,18.207,17.6212617448,1.281447,0.1524921701,23.8719,47.3882,-0.150857,17.78,16.1658,9.985278,,,,,,,0.0
FETUSDT-1791457200000,FETUSDT,1791457200000,1791460799999,2026-10-08 2:59:59 مساءً,2026-10-08,14,0,0.2306,0.235212,0.224835,2.5,0.0041474462,33.2259,48.8478,-0.06554,0.2299,0.185662,23.82717,,,,,,,0.0
FTTUSDT-1791457200000,FTTUSDT,1791457200000,1791460799999,2026-10-08 2:59:59 مساءً,2026-10-08,14,0,0.2432,0.248064,0.2373752542,2.395043,0.0038831638,28.9888,46.9237,-0.312816,0.2463,0.233536,5.465539,,,,,,,0.0
GLMUSDT-1791457200000,GLMUSDT,1791457200000,1791460799999,2026-10-08 2:59:59 مساءً,2026-10-08,14,0,0.1273,0.129846,0.1254126019,1.482638,0.0012582654,26.0733,48.4885,-0.018987,0.1278,0.115932,10.237036,,,,,,,0.0
GNOUSDT-1791457200000,GNOUSDT,1791457200000,1791460799999,2026-10-08 2:59:59 مساءً,2026-10-08,14,0,119.48,121.8696,118.0339600604,1.210278,0.9640266264,12.5258,41.3916,-0.645558,120.38,118.302,1.756521,loss,stop_loss,1791464399999,118.0339600604,60,-1.410278,0.058587
ILVUSDT-1791457200000,ILVUSDT,1791457200000,1791460799999,2026-10-08 2:59:59 مساءً,2026-10-08,14,0,3.84,3.9168,3.7725934035,1.75538,0.044937731,35.0738,45.048,-0.398036,3.88,3.485,11.33429,,,,,,,0.0
IMXUSDT-1791457200000,IMXUSDT,1791457200000,1791460799999,2026-10-08 2:59:59 مساءً,2026-10-08,14,0,0.1736,0.177072,0.1694885438,2.36835,0.0027409708,22.3139,46.2059,-0.622844,0.1758,0.140972,24.705615,,,,,,,0.0
IOUSDT-1791457200000,IOUSDT,1791457200000,1791460799999,2026-10-08 2:59:59 مساءً,2026-10-08,14,0,0.1571,0.160242,0.1531725,2.5,0.0028756501,13.4638,43.4788,-1.276126,0.1577,0.143304,10.045777,,,,,,,0.0
JSTUSDT-1791457200000,JSTUSDT,1791457200000,1791460799999,2026-10-08 2:59:59 مساءً,2026-10-08,14,0,0.1387,0.141474,0.1368972105,1.299776,0.0012018597,15.6873,44.5113,-0.541973,0.14189,0.1138758,24.600661,,,,,,,0.0
LSKUSDT-1791457200000,LSKUSDT,1791457200000,1791460799999,2026-10-08 2:59:59 مساءً,2026-10-08,14,0,0.2347,0.239394,0.2288325,2.5,0.0041497709,10.7493,40.5977,-1.768174,0.2358,0.2331,1.158301,,,,,,,0.0
MANTRAUSDT-1791457200000,MANTRAUSDT,1791457200000,1791460799999,2026-10-08 2:59:59 مساءً,2026-10-08,14,0,0.00443,0.0045186,0.0043506514,1.791164,5.2899e-05,20.8069,46.6081,-0.381175,0.00447,0.0043862,1.910538,,,,,,,0.0
MEMEUSDT-1791457200000,MEMEUSDT,1791457200000,1791460799999,2026-10-08 2:59:59 مساءً,2026-10-08,14,0,0.000568,0.00057936,0.0005567705,1.977028,7.4863e-06,21.235,44.8011,-0.483551,0.000572,0.0005623,1.725058,,,,,,,0.0
MEUSDT-1791457200000,MEUSDT,1791457200000,1791460799999,2026-10-08 2:59:59 مساءً,2026-10-08,14,0,0.07166,0.0730932,0.070377058,1.790318,0.0008552947,27.1034,47.0316,-0.347075,0.07183,0.0688242,4.367359,,,,,,,0.0
MIRAUSDT-1791457200000,MIRAUSDT,1791457200000,1791460799999,2026-10-08 2:59:59 مساءً,2026-10-08,14,0,0.0496,0.050592,0.048508645,2.200312,0.00072757,28.9702,45.6131,-0.29944,0.04992,0.0481778,3.616188,,,,,,,0.0
NEWTUSDT-1791457200000,NEWTUSDT,1791457200000,1791460799999,2026-10-08 2:59:59 مساءً,2026-10-08,14,0,0.04648,0.0474096,0.0458489426,1.357697,0.000420705,23.8136,43.6959,-0.433789,0.04704,0.04506,4.394141,,,,,,,0.0
PENDLEUSDT-1791457200000,PENDLEUSDT,1791457200000,1791460799999,2026-10-08 2:59:59 مساءً,2026-10-08,14,0,2.242,2.28684,2.1886735096,2.378523,0.0355509936,18.1145,45.7356,-0.608007,2.245,2.1442,4.701054,,,,,,,0.0
PORTALUSDT-1791457200000,PORTALUSDT,1791457200000,1791460799999,2026-10-08 2:59:59 مساءً,2026-10-08,14,0,0.01711,0.0174522,0.0167931332,1.851939,0.0002112445,14.6188,47.5456,-0.319007,0.01706,0.0167336,1.950567,,,,,,,0.0
PUNDIXUSDT-1791457200000,PUNDIXUSDT,1791457200000,1791460799999,2026-10-08 2:59:59 مساءً,2026-10-08,14,0,0.1129,0.115158,0.1114421014,1.291318,0.0009719324,34.1301,46.4255,-0.051537,0.1133,0.104886,8.022043,,,,,,,0.0
QIUSDT-1791457200000,QIUSDT,1791457200000,1791460799999,2026-10-08 2:59:59 مساءً,2026-10-08,14,0,0.002908,0.00296616,0.0028353,2.5,6.54507e-05,22.6149,47.4546,-0.803026,0.002949,0.00175768,67.77798,,,,,,,0.0
QKCUSDT-1791457200000,QKCUSDT,1791457200000,1791460799999,2026-10-08 2:59:59 مساءً,2026-10-08,14,0,0.002686,0.00273972,0.0026295614,2.101215,3.76258e-05,21.5988,42.7503,-1.09327,0.002673,0.00248998,7.35026,,,,,,,0.0
ROSEUSDT-1791457200000,ROSEUSDT,1791457200000,1791460799999,2026-10-08 2:59:59 مساءً,2026-10-08,14,0,0.00773,0.0078846,0.0075801976,1.937935,9.98683e-05,33.3042,44.9992,-0.393371,0.00782,0.0071476,9.407354,,,,,,,0.0
RPLUSDT-1791457200000,RPLUSDT,1791457200000,1791460799999,2026-10-08 2:59:59 مساءً,2026-10-08,14,0,1.792,1.82784,1.7675689965,1.363337,0.0162873357,32.0745,45.6711,-0.206177,1.805,1.77546,1.663794,,,,,,,0.0
SANTOSUSDT-1791457200000,SANTOSUSDT,1791457200000,1791460799999,2026-10-08 2:59:59 مساءً,2026-10-08,14,0,0.518,0.52836,0.5085063367,1.832754,0.0063291089,7.8283,43.0224,-0.979089,0.525,0.52034,0.895568,,,,,,,0.0
USUALUSDT-1791457200000,USUALUSDT,1791457200000,1791460799999,2026-10-08 2:59:59 مساءً,2026-10-08,14,0,0.01224,0.0124848,0.0120411508,1.624585,0.0001325661,28.6052,44.3493,-0.361496,0.01233,0.0122328,0.794585,,,,,,,0.0
WCTUSDT-1791457200000,WCTUSDT,1791457200000,1791460799999,2026-10-08 2:59:59 مساءً,2026-10-08,14,0,0.0403,0.041106,0.0395560255,1.846091,0.000495983,22.6883,43.8272,-0.633276,0.04106,0.0395576,3.798006,,,,,,,0.0
XAIUSDT-1791457200000,XAIUSDT,1791457200000,1791460799999,2026-10-08 2:59:59 مساءً,2026-10-08,14,0,0.00903,0.0092106,0.0088580935,1.903727,0.0001146043,36.3273,45.2984,-0.293002,0.00914,0.008057,13.441728,,,,,,,0.0
SKLUSDT-1791457200000,SKLUSDT,1791457200000,1791460799999,2026-10-08 2:59:59 مساءً,2026-10-08,14,0,0.00447,0.0045594,0.0043856183,1.887734,5.62545e-05,52.2245,47.3825,-0.027255,0.00452,0.0040808,10.762596,,,,,,,0.0
