trade_id,symbol,entry_time_ms,entry_time_local,entry_date_local,entry_weekday_ar,entry_hour_local,entry_price,stop_price,target1_price,target2_price,target3_price,atr_at_entry,trend_length,hit_target1,hit_target2,hit_target3,targets_hit_count,outcome,exit_reason,exit_time_ms,exit_time_local,exit_price,duration_minutes,duration_text,gross_return_pct,net_return_pct
CRVUSDT-1791543600000,CRVUSDT,1791547199999,2026-10-09 2:59:59 مساءً,2026-10-09,الجمعة,14,0.3511,0.33476462734501444,0.37482686327492776,0.3985537265498555,0.4222805898247832,0.004745372654985546,10,0,0,0,0,,,,,,,,,
METABUSDT-1791543600000,METABUSDT,1791547199999,2026-10-09 2:59:59 مساءً,2026-10-09,الجمعة,14,726.36,719.9075925191554,739.022037404223,751.6840748084461,764.3461122126693,2.5324074808446135,10,0,0,0,0,loss,stop_loss,1791553079999,2026-10-09 4:37:59 مساءً,719.9075925191554,98,ساعة واحدة و 38 دقيقة,-0.888321,-1.088321
NEXOUSDT-1791543600000,NEXOUSDT,1791547199999,2026-10-09 2:59:59 مساءً,2026-10-09,الجمعة,14,0.85,0.8241890823651584,0.882554588174208,0.9151091763484159,0.9476637645226239,0.006510917634841594,10,0,0,0,0,,,,,,,,,
SKLUSDT-1791543600000,SKLUSDT,1791547199999,2026-10-09 2:59:59 مساءً,2026-10-09,الجمعة,14,0.00608,0.004886603365552175,0.006341983172239126,0.006603966344478252,0.006865949516717377,5.239663444782513e-05,10,0,0,0,0,,,,,,,,,
TRXUSDT-1791543600000,TRXUSDT,1791547199999,2026-10-09 2:59:59 مساءً,2026-10-09,الجمعة,14,0.3331,0.3315720275950982,0.33573986202450923,0.33837972404901845,0.3410195860735276,0.0005279724049018422,10,0,0,0,0,,,,,,,,,
BANKUSDT-1791547200000,BANKUSDT,1791550799999,2026-10-09 3:59:59 مساءً,2026-10-09,الجمعة,15,0.0286,0.02751795036339216,0.03016024818303921,0.03172049636607842,0.03328074454911763,0.0003120496366078416,10,0,0,0,0,,,,,,,,,
FTTUSDT-1791550800000,FTTUSDT,1791554399999,2026-10-09 4:59:59 مساءً,2026-10-09,الجمعة,16,0.2605,0.2391367534541765,0.27971623272911766,0.29893246545823526,0.3181486981873529,0.0038432465458235286,10,0,0,0,0,,,,,,,,,
GPROBUSDT-1791550800000,GPROBUSDT,1791554399999,2026-10-09 4:59:59 مساءً,2026-10-09,الجمعة,16,1.22,1.1780289537363877,1.284855231318061,1.3497104626361218,1.4145656939541829,0.012971046263612188,10,0,0,0,0,,,,,,,,,
SOXSBUSDT-1791550800000,SOXSBUSDT,1791554399999,2026-10-09 4:59:59 مساءً,2026-10-09,الجمعة,16,34.15,31.67674139533429,35.87129302332855,37.5925860466571,39.313879069985646,0.3442586046657097,10,0,0,0,0,,,,,,,,,
SQQQBUSDT-1791550800000,SQQQBUSDT,1791554399999,2026-10-09 4:59:59 مساءً,2026-10-09,الجمعة,16,33.19,32.46756204108981,34.02718979455095,34.8643795891019,35.701569383652846,0.16743795891018998,10,0,0,0,0,,,,,,,,,
COINBUSDT-1791554400000,COINBUSDT,1791557999999,2026-10-09 5:59:59 مساءً,2026-10-09,الجمعة,17,180.16,173.60145084620862,185.23774576895696,190.31549153791389,195.39323730687084,1.0155491537913892,10,0,0,0,0,,,,,,,,,
HEIUSDT-1791554400000,HEIUSDT,1791557999999,2026-10-09 5:59:59 مساءً,2026-10-09,الجمعة,17,0.1271,0.11912005710304818,0.13754971448475903,0.14799942896951807,0.15844914345427713,0.002089942896951809,10,0,0,0,0,,,,,,,,,
AIUSDT-1791558000000,AIUSDT,1791561599999,2026-10-09 6:59:59 مساءً,2026-10-09,الجمعة,18,0.0205,0.019190402949934543,0.021997985250327288,0.023495970500654578,0.024993955750981865,0.0002995970500654576,10,0,0,0,0,,,,,,,,,
JASMYUSDT-1791558000000,JASMYUSDT,1791561599999,2026-10-09 6:59:59 مساءً,2026-10-09,الجمعة,18,0.0049,0.004663462402380606,0.005262687988096965,0.00562537597619393,0.0059880639642908955,7.253759761939302e-05,10,0,0,0,0,,,,,,,,,
CELRUSDT-1791561600000,CELRUSDT,1791565199999,2026-10-09 7:59:59 مساءً,2026-10-09,الجمعة,19,0.003076,0.002874688053041187,0.0032900597347940656,0.003504119469588131,0.0037181792043821963,4.281194695881309e-05,10,0,0,0,0,,,,,,,,,
ERAUSDT-1791561600000,ERAUSDT,1791565199999,2026-10-09 7:59:59 مساءً,2026-10-09,الجمعة,19,0.0649,0.06181590661562046,0.06802046692189767,0.07114093384379536,0.07426140076569303,0.0006240933843795354,10,0,0,0,0,,,,,,,,,
HOMEUSDT-1791561600000,HOMEUSDT,1791565199999,2026-10-09 7:59:59 مساءً,2026-10-09,الجمعة,19,0.00577,0.005546179478642441,0.006074102606787797,0.0063782052135755935,0.00668230782036339,6.0820521357559335e-05,10,0,0,0,0,,,,,,,,,
LPTUSDT-1791561600000,LPTUSDT,1791565199999,2026-10-09 7:59:59 مساءً,2026-10-09,الجمعة,19,1.816,1.6871287911683426,1.934356044158288,2.0527120883165764,2.1710681324748644,0.023671208831657613,10,0,0,0,0,,,,,,,,,
LUNAUSDT-1791561600000,LUNAUSDT,1791565199999,2026-10-09 7:59:59 مساءً,2026-10-09,الجمعة,19,0.0472,0.045323907990332556,0.049680460048337226,0.05216092009667446,0.054641380145011686,0.0004960920096674459,10,0,0,0,0,,,,,,,,,
